-- phpMyAdmin SQL Dump
-- version 5.2.1
-- https://www.phpmyadmin.net/
--
-- Servidor: 127.0.0.1
-- Tiempo de generación: 21-10-2025 a las 21:42:53
-- Versión del servidor: 10.4.32-MariaDB
-- Versión de PHP: 8.0.30

SET SQL_MODE = "NO_AUTO_VALUE_ON_ZERO";
START TRANSACTION;
SET time_zone = "+00:00";


/*!40101 SET @OLD_CHARACTER_SET_CLIENT=@@CHARACTER_SET_CLIENT */;
/*!40101 SET @OLD_CHARACTER_SET_RESULTS=@@CHARACTER_SET_RESULTS */;
/*!40101 SET @OLD_COLLATION_CONNECTION=@@COLLATION_CONNECTION */;
/*!40101 SET NAMES utf8mb4 */;

--
-- Base de datos: `cinemacentro`
--

DELIMITER $$
--
-- Procedimientos
--
CREATE DEFINER=`root`@`localhost` PROCEDURE `crearLugaresProyeccion` (IN `proyeccionId` INT)   BEGIN
    DECLARE salaId INT;
    
  
    SELECT idSala INTO salaId FROM Proyeccion WHERE idProyeccion = proyeccionId;
    

    INSERT INTO Lugar (idProyeccion, idAsiento, estado)
    SELECT proyeccionId, idAsiento, 'libre'
    FROM Asiento
    WHERE idSala = salaId;
END$$

CREATE DEFINER=`root`@`localhost` PROCEDURE `poblarAsientos` (IN `salaId` INT, IN `totalFilas` INT, IN `asientosPorFila` INT)   BEGIN
    DECLARE fila INT DEFAULT 0;
    DECLARE asiento INT;
    DECLARE letraFila CHAR(1);
    
    WHILE fila < totalFilas DO
        SET letraFila = CHAR(65 + fila); -- A=65 en ASCII
        SET asiento = 1;
        
        WHILE asiento <= asientosPorFila DO
            INSERT INTO Asiento (idSala, fila, numero) 
            VALUES (salaId, letraFila, asiento);
            SET asiento = asiento + 1;
        END WHILE;
        
        SET fila = fila + 1;
    END WHILE;
END$$

DELIMITER ;

-- --------------------------------------------------------

--
-- Estructura de tabla para la tabla `asiento`
--

CREATE TABLE `asiento` (
  `idAsiento` int(11) NOT NULL,
  `idSala` int(11) NOT NULL,
  `fila` char(1) NOT NULL,
  `numero` int(11) NOT NULL
) ENGINE=InnoDB DEFAULT CHARSET=utf8mb4 COLLATE=utf8mb4_general_ci;

--
-- Volcado de datos para la tabla `asiento`
--

INSERT INTO `asiento` (`idAsiento`, `idSala`, `fila`, `numero`) VALUES
(1, 1, 'A', 1),
(2, 1, 'A', 2),
(3, 1, 'A', 3),
(4, 1, 'A', 4),
(5, 1, 'A', 5),
(6, 1, 'A', 6),
(7, 1, 'A', 7),
(8, 1, 'A', 8),
(9, 1, 'A', 9),
(10, 1, 'A', 10),
(11, 1, 'A', 11),
(12, 1, 'A', 12),
(13, 1, 'A', 13),
(14, 1, 'A', 14),
(15, 1, 'A', 15),
(16, 1, 'A', 16),
(17, 1, 'A', 17),
(18, 1, 'A', 18),
(19, 1, 'A', 19),
(20, 1, 'A', 20),
(21, 1, 'B', 1),
(22, 1, 'B', 2),
(23, 1, 'B', 3),
(24, 1, 'B', 4),
(25, 1, 'B', 5),
(26, 1, 'B', 6),
(27, 1, 'B', 7),
(28, 1, 'B', 8),
(29, 1, 'B', 9),
(30, 1, 'B', 10),
(31, 1, 'B', 11),
(32, 1, 'B', 12),
(33, 1, 'B', 13),
(34, 1, 'B', 14),
(35, 1, 'B', 15),
(36, 1, 'B', 16),
(37, 1, 'B', 17),
(38, 1, 'B', 18),
(39, 1, 'B', 19),
(40, 1, 'B', 20),
(41, 1, 'C', 1),
(42, 1, 'C', 2),
(43, 1, 'C', 3),
(44, 1, 'C', 4),
(45, 1, 'C', 5),
(46, 1, 'C', 6),
(47, 1, 'C', 7),
(48, 1, 'C', 8),
(49, 1, 'C', 9),
(50, 1, 'C', 10),
(51, 1, 'C', 11),
(52, 1, 'C', 12),
(53, 1, 'C', 13),
(54, 1, 'C', 14),
(55, 1, 'C', 15),
(56, 1, 'C', 16),
(57, 1, 'C', 17),
(58, 1, 'C', 18),
(59, 1, 'C', 19),
(60, 1, 'C', 20),
(61, 1, 'D', 1),
(62, 1, 'D', 2),
(63, 1, 'D', 3),
(64, 1, 'D', 4),
(65, 1, 'D', 5),
(66, 1, 'D', 6),
(67, 1, 'D', 7),
(68, 1, 'D', 8),
(69, 1, 'D', 9),
(70, 1, 'D', 10),
(71, 1, 'D', 11),
(72, 1, 'D', 12),
(73, 1, 'D', 13),
(74, 1, 'D', 14),
(75, 1, 'D', 15),
(76, 1, 'D', 16),
(77, 1, 'D', 17),
(78, 1, 'D', 18),
(79, 1, 'D', 19),
(80, 1, 'D', 20),
(81, 1, 'E', 1),
(82, 1, 'E', 2),
(83, 1, 'E', 3),
(84, 1, 'E', 4),
(85, 1, 'E', 5),
(86, 1, 'E', 6),
(87, 1, 'E', 7),
(88, 1, 'E', 8),
(89, 1, 'E', 9),
(90, 1, 'E', 10),
(91, 1, 'E', 11),
(92, 1, 'E', 12),
(93, 1, 'E', 13),
(94, 1, 'E', 14),
(95, 1, 'E', 15),
(96, 1, 'E', 16),
(97, 1, 'E', 17),
(98, 1, 'E', 18),
(99, 1, 'E', 19),
(100, 1, 'E', 20),
(101, 1, 'F', 1),
(102, 1, 'F', 2),
(103, 1, 'F', 3),
(104, 1, 'F', 4),
(105, 1, 'F', 5),
(106, 1, 'F', 6),
(107, 1, 'F', 7),
(108, 1, 'F', 8),
(109, 1, 'F', 9),
(110, 1, 'F', 10),
(111, 1, 'F', 11),
(112, 1, 'F', 12),
(113, 1, 'F', 13),
(114, 1, 'F', 14),
(115, 1, 'F', 15),
(116, 1, 'F', 16),
(117, 1, 'F', 17),
(118, 1, 'F', 18),
(119, 1, 'F', 19),
(120, 1, 'F', 20),
(121, 1, 'G', 1),
(122, 1, 'G', 2),
(123, 1, 'G', 3),
(124, 1, 'G', 4),
(125, 1, 'G', 5),
(126, 1, 'G', 6),
(127, 1, 'G', 7),
(128, 1, 'G', 8),
(129, 1, 'G', 9),
(130, 1, 'G', 10),
(131, 1, 'G', 11),
(132, 1, 'G', 12),
(133, 1, 'G', 13),
(134, 1, 'G', 14),
(135, 1, 'G', 15),
(136, 1, 'G', 16),
(137, 1, 'G', 17),
(138, 1, 'G', 18),
(139, 1, 'G', 19),
(140, 1, 'G', 20),
(141, 1, 'H', 1),
(142, 1, 'H', 2),
(143, 1, 'H', 3),
(144, 1, 'H', 4),
(145, 1, 'H', 5),
(146, 1, 'H', 6),
(147, 1, 'H', 7),
(148, 1, 'H', 8),
(149, 1, 'H', 9),
(150, 1, 'H', 10),
(151, 1, 'H', 11),
(152, 1, 'H', 12),
(153, 1, 'H', 13),
(154, 1, 'H', 14),
(155, 1, 'H', 15),
(156, 1, 'H', 16),
(157, 1, 'H', 17),
(158, 1, 'H', 18),
(159, 1, 'H', 19),
(160, 1, 'H', 20),
(161, 1, 'I', 1),
(162, 1, 'I', 2),
(163, 1, 'I', 3),
(164, 1, 'I', 4),
(165, 1, 'I', 5),
(166, 1, 'I', 6),
(167, 1, 'I', 7),
(168, 1, 'I', 8),
(169, 1, 'I', 9),
(170, 1, 'I', 10),
(171, 1, 'I', 11),
(172, 1, 'I', 12),
(173, 1, 'I', 13),
(174, 1, 'I', 14),
(175, 1, 'I', 15),
(176, 1, 'I', 16),
(177, 1, 'I', 17),
(178, 1, 'I', 18),
(179, 1, 'I', 19),
(180, 1, 'I', 20),
(181, 1, 'J', 1),
(182, 1, 'J', 2),
(183, 1, 'J', 3),
(184, 1, 'J', 4),
(185, 1, 'J', 5),
(186, 1, 'J', 6),
(187, 1, 'J', 7),
(188, 1, 'J', 8),
(189, 1, 'J', 9),
(190, 1, 'J', 10),
(191, 1, 'J', 11),
(192, 1, 'J', 12),
(193, 1, 'J', 13),
(194, 1, 'J', 14),
(195, 1, 'J', 15),
(196, 1, 'J', 16),
(197, 1, 'J', 17),
(198, 1, 'J', 18),
(199, 1, 'J', 19),
(200, 1, 'J', 20),
(201, 2, 'A', 1),
(202, 2, 'A', 2),
(203, 2, 'A', 3),
(204, 2, 'A', 4),
(205, 2, 'A', 5),
(206, 2, 'A', 6),
(207, 2, 'A', 7),
(208, 2, 'A', 8),
(209, 2, 'A', 9),
(210, 2, 'A', 10),
(211, 2, 'A', 11),
(212, 2, 'A', 12),
(213, 2, 'A', 13),
(214, 2, 'A', 14),
(215, 2, 'A', 15),
(216, 2, 'A', 16),
(217, 2, 'A', 17),
(218, 2, 'A', 18),
(219, 2, 'A', 19),
(220, 2, 'A', 20),
(221, 2, 'B', 1),
(222, 2, 'B', 2),
(223, 2, 'B', 3),
(224, 2, 'B', 4),
(225, 2, 'B', 5),
(226, 2, 'B', 6),
(227, 2, 'B', 7),
(228, 2, 'B', 8),
(229, 2, 'B', 9),
(230, 2, 'B', 10),
(231, 2, 'B', 11),
(232, 2, 'B', 12),
(233, 2, 'B', 13),
(234, 2, 'B', 14),
(235, 2, 'B', 15),
(236, 2, 'B', 16),
(237, 2, 'B', 17),
(238, 2, 'B', 18),
(239, 2, 'B', 19),
(240, 2, 'B', 20),
(241, 2, 'C', 1),
(242, 2, 'C', 2),
(243, 2, 'C', 3),
(244, 2, 'C', 4),
(245, 2, 'C', 5),
(246, 2, 'C', 6),
(247, 2, 'C', 7),
(248, 2, 'C', 8),
(249, 2, 'C', 9),
(250, 2, 'C', 10),
(251, 2, 'C', 11),
(252, 2, 'C', 12),
(253, 2, 'C', 13),
(254, 2, 'C', 14),
(255, 2, 'C', 15),
(256, 2, 'C', 16),
(257, 2, 'C', 17),
(258, 2, 'C', 18),
(259, 2, 'C', 19),
(260, 2, 'C', 20),
(261, 2, 'D', 1),
(262, 2, 'D', 2),
(263, 2, 'D', 3),
(264, 2, 'D', 4),
(265, 2, 'D', 5),
(266, 2, 'D', 6),
(267, 2, 'D', 7),
(268, 2, 'D', 8),
(269, 2, 'D', 9),
(270, 2, 'D', 10),
(271, 2, 'D', 11),
(272, 2, 'D', 12),
(273, 2, 'D', 13),
(274, 2, 'D', 14),
(275, 2, 'D', 15),
(276, 2, 'D', 16),
(277, 2, 'D', 17),
(278, 2, 'D', 18),
(279, 2, 'D', 19),
(280, 2, 'D', 20),
(281, 2, 'E', 1),
(282, 2, 'E', 2),
(283, 2, 'E', 3),
(284, 2, 'E', 4),
(285, 2, 'E', 5),
(286, 2, 'E', 6),
(287, 2, 'E', 7),
(288, 2, 'E', 8),
(289, 2, 'E', 9),
(290, 2, 'E', 10),
(291, 2, 'E', 11),
(292, 2, 'E', 12),
(293, 2, 'E', 13),
(294, 2, 'E', 14),
(295, 2, 'E', 15),
(296, 2, 'E', 16),
(297, 2, 'E', 17),
(298, 2, 'E', 18),
(299, 2, 'E', 19),
(300, 2, 'E', 20),
(301, 2, 'F', 1),
(302, 2, 'F', 2),
(303, 2, 'F', 3),
(304, 2, 'F', 4),
(305, 2, 'F', 5),
(306, 2, 'F', 6),
(307, 2, 'F', 7),
(308, 2, 'F', 8),
(309, 2, 'F', 9),
(310, 2, 'F', 10),
(311, 2, 'F', 11),
(312, 2, 'F', 12),
(313, 2, 'F', 13),
(314, 2, 'F', 14),
(315, 2, 'F', 15),
(316, 2, 'F', 16),
(317, 2, 'F', 17),
(318, 2, 'F', 18),
(319, 2, 'F', 19),
(320, 2, 'F', 20),
(321, 2, 'G', 1),
(322, 2, 'G', 2),
(323, 2, 'G', 3),
(324, 2, 'G', 4),
(325, 2, 'G', 5),
(326, 2, 'G', 6),
(327, 2, 'G', 7),
(328, 2, 'G', 8),
(329, 2, 'G', 9),
(330, 2, 'G', 10),
(331, 2, 'G', 11),
(332, 2, 'G', 12),
(333, 2, 'G', 13),
(334, 2, 'G', 14),
(335, 2, 'G', 15),
(336, 2, 'G', 16),
(337, 2, 'G', 17),
(338, 2, 'G', 18),
(339, 2, 'G', 19),
(340, 2, 'G', 20),
(341, 2, 'H', 1),
(342, 2, 'H', 2),
(343, 2, 'H', 3),
(344, 2, 'H', 4),
(345, 2, 'H', 5),
(346, 2, 'H', 6),
(347, 2, 'H', 7),
(348, 2, 'H', 8),
(349, 2, 'H', 9),
(350, 2, 'H', 10),
(351, 2, 'H', 11),
(352, 2, 'H', 12),
(353, 2, 'H', 13),
(354, 2, 'H', 14),
(355, 2, 'H', 15),
(356, 2, 'H', 16),
(357, 2, 'H', 17),
(358, 2, 'H', 18),
(359, 2, 'H', 19),
(360, 2, 'H', 20),
(361, 2, 'I', 1),
(362, 2, 'I', 2),
(363, 2, 'I', 3),
(364, 2, 'I', 4),
(365, 2, 'I', 5),
(366, 2, 'I', 6),
(367, 2, 'I', 7),
(368, 2, 'I', 8),
(369, 2, 'I', 9),
(370, 2, 'I', 10),
(371, 2, 'I', 11),
(372, 2, 'I', 12),
(373, 2, 'I', 13),
(374, 2, 'I', 14),
(375, 2, 'I', 15),
(376, 2, 'I', 16),
(377, 2, 'I', 17),
(378, 2, 'I', 18),
(379, 2, 'I', 19),
(380, 2, 'I', 20),
(381, 3, 'A', 1),
(382, 3, 'A', 2),
(383, 3, 'A', 3),
(384, 3, 'A', 4),
(385, 3, 'A', 5),
(386, 3, 'A', 6),
(387, 3, 'A', 7),
(388, 3, 'A', 8),
(389, 3, 'A', 9),
(390, 3, 'A', 10),
(391, 3, 'A', 11),
(392, 3, 'A', 12),
(393, 3, 'A', 13),
(394, 3, 'A', 14),
(395, 3, 'A', 15),
(396, 3, 'A', 16),
(397, 3, 'A', 17),
(398, 3, 'A', 18),
(399, 3, 'A', 19),
(400, 3, 'A', 20),
(401, 3, 'B', 1),
(402, 3, 'B', 2),
(403, 3, 'B', 3),
(404, 3, 'B', 4),
(405, 3, 'B', 5),
(406, 3, 'B', 6),
(407, 3, 'B', 7),
(408, 3, 'B', 8),
(409, 3, 'B', 9),
(410, 3, 'B', 10),
(411, 3, 'B', 11),
(412, 3, 'B', 12),
(413, 3, 'B', 13),
(414, 3, 'B', 14),
(415, 3, 'B', 15),
(416, 3, 'B', 16),
(417, 3, 'B', 17),
(418, 3, 'B', 18),
(419, 3, 'B', 19),
(420, 3, 'B', 20),
(421, 3, 'C', 1),
(422, 3, 'C', 2),
(423, 3, 'C', 3),
(424, 3, 'C', 4),
(425, 3, 'C', 5),
(426, 3, 'C', 6),
(427, 3, 'C', 7),
(428, 3, 'C', 8),
(429, 3, 'C', 9),
(430, 3, 'C', 10),
(431, 3, 'C', 11),
(432, 3, 'C', 12),
(433, 3, 'C', 13),
(434, 3, 'C', 14),
(435, 3, 'C', 15),
(436, 3, 'C', 16),
(437, 3, 'C', 17),
(438, 3, 'C', 18),
(439, 3, 'C', 19),
(440, 3, 'C', 20),
(441, 3, 'D', 1),
(442, 3, 'D', 2),
(443, 3, 'D', 3),
(444, 3, 'D', 4),
(445, 3, 'D', 5),
(446, 3, 'D', 6),
(447, 3, 'D', 7),
(448, 3, 'D', 8),
(449, 3, 'D', 9),
(450, 3, 'D', 10),
(451, 3, 'D', 11),
(452, 3, 'D', 12),
(453, 3, 'D', 13),
(454, 3, 'D', 14),
(455, 3, 'D', 15),
(456, 3, 'D', 16),
(457, 3, 'D', 17),
(458, 3, 'D', 18),
(459, 3, 'D', 19),
(460, 3, 'D', 20),
(461, 3, 'E', 1),
(462, 3, 'E', 2),
(463, 3, 'E', 3),
(464, 3, 'E', 4),
(465, 3, 'E', 5),
(466, 3, 'E', 6),
(467, 3, 'E', 7),
(468, 3, 'E', 8),
(469, 3, 'E', 9),
(470, 3, 'E', 10),
(471, 3, 'E', 11),
(472, 3, 'E', 12),
(473, 3, 'E', 13),
(474, 3, 'E', 14),
(475, 3, 'E', 15),
(476, 3, 'E', 16),
(477, 3, 'E', 17),
(478, 3, 'E', 18),
(479, 3, 'E', 19),
(480, 3, 'E', 20),
(481, 3, 'F', 1),
(482, 3, 'F', 2),
(483, 3, 'F', 3),
(484, 3, 'F', 4),
(485, 3, 'F', 5),
(486, 3, 'F', 6),
(487, 3, 'F', 7),
(488, 3, 'F', 8),
(489, 3, 'F', 9),
(490, 3, 'F', 10),
(491, 3, 'F', 11),
(492, 3, 'F', 12),
(493, 3, 'F', 13),
(494, 3, 'F', 14),
(495, 3, 'F', 15),
(496, 3, 'F', 16),
(497, 3, 'F', 17),
(498, 3, 'F', 18),
(499, 3, 'F', 19),
(500, 3, 'F', 20),
(501, 3, 'G', 1),
(502, 3, 'G', 2),
(503, 3, 'G', 3),
(504, 3, 'G', 4),
(505, 3, 'G', 5),
(506, 3, 'G', 6),
(507, 3, 'G', 7),
(508, 3, 'G', 8),
(509, 3, 'G', 9),
(510, 3, 'G', 10),
(511, 3, 'G', 11),
(512, 3, 'G', 12),
(513, 3, 'G', 13),
(514, 3, 'G', 14),
(515, 3, 'G', 15),
(516, 3, 'G', 16),
(517, 3, 'G', 17),
(518, 3, 'G', 18),
(519, 3, 'G', 19),
(520, 3, 'G', 20),
(521, 3, 'H', 1),
(522, 3, 'H', 2),
(523, 3, 'H', 3),
(524, 3, 'H', 4),
(525, 3, 'H', 5),
(526, 3, 'H', 6),
(527, 3, 'H', 7),
(528, 3, 'H', 8),
(529, 3, 'H', 9),
(530, 3, 'H', 10),
(531, 3, 'H', 11),
(532, 3, 'H', 12),
(533, 3, 'H', 13),
(534, 3, 'H', 14),
(535, 3, 'H', 15),
(536, 3, 'H', 16),
(537, 3, 'H', 17),
(538, 3, 'H', 18),
(539, 3, 'H', 19),
(540, 3, 'H', 20),
(541, 3, 'I', 1),
(542, 3, 'I', 2),
(543, 3, 'I', 3),
(544, 3, 'I', 4),
(545, 3, 'I', 5),
(546, 3, 'I', 6),
(547, 3, 'I', 7),
(548, 3, 'I', 8),
(549, 3, 'I', 9),
(550, 3, 'I', 10),
(551, 3, 'I', 11),
(552, 3, 'I', 12),
(553, 3, 'I', 13),
(554, 3, 'I', 14),
(555, 3, 'I', 15),
(556, 3, 'I', 16),
(557, 3, 'I', 17),
(558, 3, 'I', 18),
(559, 3, 'I', 19),
(560, 3, 'I', 20),
(561, 3, 'J', 1),
(562, 3, 'J', 2),
(563, 3, 'J', 3),
(564, 3, 'J', 4),
(565, 3, 'J', 5),
(566, 3, 'J', 6),
(567, 3, 'J', 7),
(568, 3, 'J', 8),
(569, 3, 'J', 9),
(570, 3, 'J', 10),
(571, 3, 'J', 11),
(572, 3, 'J', 12),
(573, 3, 'J', 13),
(574, 3, 'J', 14),
(575, 3, 'J', 15),
(576, 3, 'J', 16),
(577, 3, 'J', 17),
(578, 3, 'J', 18),
(579, 3, 'J', 19),
(580, 3, 'J', 20),
(581, 3, 'K', 1),
(582, 3, 'K', 2),
(583, 3, 'K', 3),
(584, 3, 'K', 4),
(585, 3, 'K', 5),
(586, 3, 'K', 6),
(587, 3, 'K', 7),
(588, 3, 'K', 8),
(589, 3, 'K', 9),
(590, 3, 'K', 10),
(591, 3, 'K', 11),
(592, 3, 'K', 12),
(593, 3, 'K', 13),
(594, 3, 'K', 14),
(595, 3, 'K', 15),
(596, 3, 'K', 16),
(597, 3, 'K', 17),
(598, 3, 'K', 18),
(599, 3, 'K', 19),
(600, 3, 'K', 20),
(601, 4, 'A', 1),
(602, 4, 'A', 2),
(603, 4, 'A', 3),
(604, 4, 'A', 4),
(605, 4, 'A', 5),
(606, 4, 'A', 6),
(607, 4, 'A', 7),
(608, 4, 'A', 8),
(609, 4, 'A', 9),
(610, 4, 'A', 10),
(611, 4, 'A', 11),
(612, 4, 'A', 12),
(613, 4, 'A', 13),
(614, 4, 'A', 14),
(615, 4, 'A', 15),
(616, 4, 'A', 16),
(617, 4, 'A', 17),
(618, 4, 'B', 1),
(619, 4, 'B', 2),
(620, 4, 'B', 3),
(621, 4, 'B', 4),
(622, 4, 'B', 5),
(623, 4, 'B', 6),
(624, 4, 'B', 7),
(625, 4, 'B', 8),
(626, 4, 'B', 9),
(627, 4, 'B', 10),
(628, 4, 'B', 11),
(629, 4, 'B', 12),
(630, 4, 'B', 13),
(631, 4, 'B', 14),
(632, 4, 'B', 15),
(633, 4, 'B', 16),
(634, 4, 'B', 17),
(635, 4, 'C', 1),
(636, 4, 'C', 2),
(637, 4, 'C', 3),
(638, 4, 'C', 4),
(639, 4, 'C', 5),
(640, 4, 'C', 6),
(641, 4, 'C', 7),
(642, 4, 'C', 8),
(643, 4, 'C', 9),
(644, 4, 'C', 10),
(645, 4, 'C', 11),
(646, 4, 'C', 12),
(647, 4, 'C', 13),
(648, 4, 'C', 14),
(649, 4, 'C', 15),
(650, 4, 'C', 16),
(651, 4, 'C', 17),
(652, 4, 'D', 1),
(653, 4, 'D', 2),
(654, 4, 'D', 3),
(655, 4, 'D', 4),
(656, 4, 'D', 5),
(657, 4, 'D', 6),
(658, 4, 'D', 7),
(659, 4, 'D', 8),
(660, 4, 'D', 9),
(661, 4, 'D', 10),
(662, 4, 'D', 11),
(663, 4, 'D', 12),
(664, 4, 'D', 13),
(665, 4, 'D', 14),
(666, 4, 'D', 15),
(667, 4, 'D', 16),
(668, 4, 'D', 17),
(669, 4, 'E', 1),
(670, 4, 'E', 2),
(671, 4, 'E', 3),
(672, 4, 'E', 4),
(673, 4, 'E', 5),
(674, 4, 'E', 6),
(675, 4, 'E', 7),
(676, 4, 'E', 8),
(677, 4, 'E', 9),
(678, 4, 'E', 10),
(679, 4, 'E', 11),
(680, 4, 'E', 12),
(681, 4, 'E', 13),
(682, 4, 'E', 14),
(683, 4, 'E', 15),
(684, 4, 'E', 16),
(685, 4, 'E', 17),
(686, 4, 'F', 1),
(687, 4, 'F', 2),
(688, 4, 'F', 3),
(689, 4, 'F', 4),
(690, 4, 'F', 5),
(691, 4, 'F', 6),
(692, 4, 'F', 7),
(693, 4, 'F', 8),
(694, 4, 'F', 9),
(695, 4, 'F', 10),
(696, 4, 'F', 11),
(697, 4, 'F', 12),
(698, 4, 'F', 13),
(699, 4, 'F', 14),
(700, 4, 'F', 15),
(701, 4, 'F', 16),
(702, 4, 'F', 17),
(703, 4, 'G', 1),
(704, 4, 'G', 2),
(705, 4, 'G', 3),
(706, 4, 'G', 4),
(707, 4, 'G', 5),
(708, 4, 'G', 6),
(709, 4, 'G', 7),
(710, 4, 'G', 8),
(711, 4, 'G', 9),
(712, 4, 'G', 10),
(713, 4, 'G', 11),
(714, 4, 'G', 12),
(715, 4, 'G', 13),
(716, 4, 'G', 14),
(717, 4, 'G', 15),
(718, 4, 'G', 16),
(719, 4, 'G', 17),
(720, 4, 'H', 1),
(721, 4, 'H', 2),
(722, 4, 'H', 3),
(723, 4, 'H', 4),
(724, 4, 'H', 5),
(725, 4, 'H', 6),
(726, 4, 'H', 7),
(727, 4, 'H', 8),
(728, 4, 'H', 9),
(729, 4, 'H', 10),
(730, 4, 'H', 11),
(731, 4, 'H', 12),
(732, 4, 'H', 13),
(733, 4, 'H', 14),
(734, 4, 'H', 15),
(735, 4, 'H', 16),
(736, 4, 'H', 17),
(737, 4, 'I', 1),
(738, 4, 'I', 2),
(739, 4, 'I', 3),
(740, 4, 'I', 4),
(741, 4, 'I', 5),
(742, 4, 'I', 6),
(743, 4, 'I', 7),
(744, 4, 'I', 8),
(745, 4, 'I', 9),
(746, 4, 'I', 10),
(747, 4, 'I', 11),
(748, 4, 'I', 12),
(749, 4, 'I', 13),
(750, 4, 'I', 14),
(751, 4, 'I', 15),
(752, 4, 'I', 16),
(753, 4, 'I', 17),
(754, 4, 'J', 1),
(755, 4, 'J', 2),
(756, 4, 'J', 3),
(757, 4, 'J', 4),
(758, 4, 'J', 5),
(759, 4, 'J', 6),
(760, 4, 'J', 7),
(761, 4, 'J', 8),
(762, 4, 'J', 9),
(763, 4, 'J', 10),
(764, 4, 'J', 11),
(765, 4, 'J', 12),
(766, 4, 'J', 13),
(767, 4, 'J', 14),
(768, 4, 'J', 15),
(769, 4, 'J', 16),
(770, 4, 'J', 17),
(771, 5, 'A', 1),
(772, 5, 'A', 2),
(773, 5, 'A', 3),
(774, 5, 'A', 4),
(775, 5, 'A', 5),
(776, 5, 'A', 6),
(777, 5, 'A', 7),
(778, 5, 'A', 8),
(779, 5, 'A', 9),
(780, 5, 'A', 10),
(781, 5, 'A', 11),
(782, 5, 'A', 12),
(783, 5, 'A', 13),
(784, 5, 'A', 14),
(785, 5, 'A', 15),
(786, 5, 'A', 16),
(787, 5, 'A', 17),
(788, 5, 'A', 18),
(789, 5, 'A', 19),
(790, 5, 'A', 20),
(791, 5, 'A', 21),
(792, 5, 'B', 1),
(793, 5, 'B', 2),
(794, 5, 'B', 3),
(795, 5, 'B', 4),
(796, 5, 'B', 5),
(797, 5, 'B', 6),
(798, 5, 'B', 7),
(799, 5, 'B', 8),
(800, 5, 'B', 9),
(801, 5, 'B', 10),
(802, 5, 'B', 11),
(803, 5, 'B', 12),
(804, 5, 'B', 13),
(805, 5, 'B', 14),
(806, 5, 'B', 15),
(807, 5, 'B', 16),
(808, 5, 'B', 17),
(809, 5, 'B', 18),
(810, 5, 'B', 19),
(811, 5, 'B', 20),
(812, 5, 'B', 21),
(813, 5, 'C', 1),
(814, 5, 'C', 2),
(815, 5, 'C', 3),
(816, 5, 'C', 4),
(817, 5, 'C', 5),
(818, 5, 'C', 6),
(819, 5, 'C', 7),
(820, 5, 'C', 8),
(821, 5, 'C', 9),
(822, 5, 'C', 10),
(823, 5, 'C', 11),
(824, 5, 'C', 12),
(825, 5, 'C', 13),
(826, 5, 'C', 14),
(827, 5, 'C', 15),
(828, 5, 'C', 16),
(829, 5, 'C', 17),
(830, 5, 'C', 18),
(831, 5, 'C', 19),
(832, 5, 'C', 20),
(833, 5, 'C', 21),
(834, 5, 'D', 1),
(835, 5, 'D', 2),
(836, 5, 'D', 3),
(837, 5, 'D', 4),
(838, 5, 'D', 5),
(839, 5, 'D', 6),
(840, 5, 'D', 7),
(841, 5, 'D', 8),
(842, 5, 'D', 9),
(843, 5, 'D', 10),
(844, 5, 'D', 11),
(845, 5, 'D', 12),
(846, 5, 'D', 13),
(847, 5, 'D', 14),
(848, 5, 'D', 15),
(849, 5, 'D', 16),
(850, 5, 'D', 17),
(851, 5, 'D', 18),
(852, 5, 'D', 19),
(853, 5, 'D', 20),
(854, 5, 'D', 21),
(855, 5, 'E', 1),
(856, 5, 'E', 2),
(857, 5, 'E', 3),
(858, 5, 'E', 4),
(859, 5, 'E', 5),
(860, 5, 'E', 6),
(861, 5, 'E', 7),
(862, 5, 'E', 8),
(863, 5, 'E', 9),
(864, 5, 'E', 10),
(865, 5, 'E', 11),
(866, 5, 'E', 12),
(867, 5, 'E', 13),
(868, 5, 'E', 14),
(869, 5, 'E', 15),
(870, 5, 'E', 16),
(871, 5, 'E', 17),
(872, 5, 'E', 18),
(873, 5, 'E', 19),
(874, 5, 'E', 20),
(875, 5, 'E', 21),
(876, 5, 'F', 1),
(877, 5, 'F', 2),
(878, 5, 'F', 3),
(879, 5, 'F', 4),
(880, 5, 'F', 5),
(881, 5, 'F', 6),
(882, 5, 'F', 7),
(883, 5, 'F', 8),
(884, 5, 'F', 9),
(885, 5, 'F', 10),
(886, 5, 'F', 11),
(887, 5, 'F', 12),
(888, 5, 'F', 13),
(889, 5, 'F', 14),
(890, 5, 'F', 15),
(891, 5, 'F', 16),
(892, 5, 'F', 17),
(893, 5, 'F', 18),
(894, 5, 'F', 19),
(895, 5, 'F', 20),
(896, 5, 'F', 21),
(897, 5, 'G', 1),
(898, 5, 'G', 2),
(899, 5, 'G', 3),
(900, 5, 'G', 4),
(901, 5, 'G', 5),
(902, 5, 'G', 6),
(903, 5, 'G', 7),
(904, 5, 'G', 8),
(905, 5, 'G', 9),
(906, 5, 'G', 10),
(907, 5, 'G', 11),
(908, 5, 'G', 12),
(909, 5, 'G', 13),
(910, 5, 'G', 14),
(911, 5, 'G', 15),
(912, 5, 'G', 16),
(913, 5, 'G', 17),
(914, 5, 'G', 18),
(915, 5, 'G', 19),
(916, 5, 'G', 20),
(917, 5, 'G', 21),
(918, 5, 'H', 1),
(919, 5, 'H', 2),
(920, 5, 'H', 3),
(921, 5, 'H', 4),
(922, 5, 'H', 5),
(923, 5, 'H', 6),
(924, 5, 'H', 7),
(925, 5, 'H', 8),
(926, 5, 'H', 9),
(927, 5, 'H', 10),
(928, 5, 'H', 11),
(929, 5, 'H', 12),
(930, 5, 'H', 13),
(931, 5, 'H', 14),
(932, 5, 'H', 15),
(933, 5, 'H', 16),
(934, 5, 'H', 17),
(935, 5, 'H', 18),
(936, 5, 'H', 19),
(937, 5, 'H', 20),
(938, 5, 'H', 21),
(939, 5, 'I', 1),
(940, 5, 'I', 2),
(941, 5, 'I', 3),
(942, 5, 'I', 4),
(943, 5, 'I', 5),
(944, 5, 'I', 6),
(945, 5, 'I', 7),
(946, 5, 'I', 8),
(947, 5, 'I', 9),
(948, 5, 'I', 10),
(949, 5, 'I', 11),
(950, 5, 'I', 12),
(951, 5, 'I', 13),
(952, 5, 'I', 14),
(953, 5, 'I', 15),
(954, 5, 'I', 16),
(955, 5, 'I', 17),
(956, 5, 'I', 18),
(957, 5, 'I', 19),
(958, 5, 'I', 20),
(959, 5, 'I', 21),
(960, 5, 'J', 1),
(961, 5, 'J', 2),
(962, 5, 'J', 3),
(963, 5, 'J', 4),
(964, 5, 'J', 5),
(965, 5, 'J', 6),
(966, 5, 'J', 7),
(967, 5, 'J', 8),
(968, 5, 'J', 9),
(969, 5, 'J', 10),
(970, 5, 'J', 11),
(971, 5, 'J', 12),
(972, 5, 'J', 13),
(973, 5, 'J', 14),
(974, 5, 'J', 15),
(975, 5, 'J', 16),
(976, 5, 'J', 17),
(977, 5, 'J', 18),
(978, 5, 'J', 19),
(979, 5, 'J', 20),
(980, 5, 'J', 21);

-- --------------------------------------------------------

--
-- Estructura de tabla para la tabla `comprador`
--

CREATE TABLE `comprador` (
  `dni` int(11) NOT NULL,
  `nombre` varchar(60) NOT NULL,
  `fechaNac` date DEFAULT NULL,
  `password` varchar(60) DEFAULT NULL,
  `medioPago` enum('tarjeta_credito','tarjeta_debito','mercado_pago','efectivo') DEFAULT NULL
) ENGINE=InnoDB DEFAULT CHARSET=utf8mb4 COLLATE=utf8mb4_general_ci;

--
-- Volcado de datos para la tabla `comprador`
--

INSERT INTO `comprador` (`dni`, `nombre`, `fechaNac`, `password`, `medioPago`) VALUES
(42987654, 'Matias Villegas', '2000-02-05', 'matias2024', 'efectivo'),
(43123456, 'Franco Romero Besso', '2000-08-25', 'franco2024', 'tarjeta_debito'),
(43345678, 'Marcos Latini', '2000-07-12', 'marcos2024', 'tarjeta_credito'),
(43456789, 'Ayelen Torres', '2001-02-02', 'ayelen2024', 'tarjeta_debito'),
(43621472, 'Camila Biarnes', '2001-07-16', 'camila2024', 'tarjeta_credito'),
(44234567, 'Camila Aguirre', '2002-10-06', 'cami2024', 'mercado_pago');

-- --------------------------------------------------------

--
-- Estructura de tabla para la tabla `detalleticket`
--

CREATE TABLE `detalleticket` (
  `idDetalle` int(11) NOT NULL,
  `idTicket` int(11) NOT NULL,
  `idLugar` int(11) NOT NULL
) ENGINE=InnoDB DEFAULT CHARSET=utf8mb4 COLLATE=utf8mb4_general_ci;

--
-- Volcado de datos para la tabla `detalleticket`
--

INSERT INTO `detalleticket` (`idDetalle`, `idTicket`, `idLugar`) VALUES
(1, 1, 5),
(2, 1, 6),
(3, 2, 809),
(4, 3, 3128),
(5, 3, 3129),
(6, 3, 3130),
(7, 3, 3131),
(8, 4, 2120),
(9, 4, 2121);

-- --------------------------------------------------------

--
-- Estructura de tabla para la tabla `lugar`
--

CREATE TABLE `lugar` (
  `idLugar` int(11) NOT NULL,
  `idProyeccion` int(11) NOT NULL,
  `idAsiento` int(11) NOT NULL,
  `estado` enum('libre','ocupado','reservado') DEFAULT 'libre'
) ENGINE=InnoDB DEFAULT CHARSET=utf8mb4 COLLATE=utf8mb4_general_ci;

--
-- Volcado de datos para la tabla `lugar`
--

INSERT INTO `lugar` (`idLugar`, `idProyeccion`, `idAsiento`, `estado`) VALUES
(1, 1, 1, 'libre'),
(2, 1, 2, 'libre'),
(3, 1, 3, 'libre'),
(4, 1, 4, 'libre'),
(5, 1, 5, 'ocupado'),
(6, 1, 6, 'ocupado'),
(7, 1, 7, 'libre'),
(8, 1, 8, 'libre'),
(9, 1, 9, 'libre'),
(10, 1, 10, 'libre'),
(11, 1, 11, 'libre'),
(12, 1, 12, 'libre'),
(13, 1, 13, 'libre'),
(14, 1, 14, 'libre'),
(15, 1, 15, 'libre'),
(16, 1, 16, 'libre'),
(17, 1, 17, 'libre'),
(18, 1, 18, 'libre'),
(19, 1, 19, 'libre'),
(20, 1, 20, 'libre'),
(21, 1, 21, 'libre'),
(22, 1, 22, 'libre'),
(23, 1, 23, 'libre'),
(24, 1, 24, 'libre'),
(25, 1, 25, 'libre'),
(26, 1, 26, 'libre'),
(27, 1, 27, 'libre'),
(28, 1, 28, 'libre'),
(29, 1, 29, 'libre'),
(30, 1, 30, 'libre'),
(31, 1, 31, 'libre'),
(32, 1, 32, 'libre'),
(33, 1, 33, 'libre'),
(34, 1, 34, 'libre'),
(35, 1, 35, 'libre'),
(36, 1, 36, 'libre'),
(37, 1, 37, 'libre'),
(38, 1, 38, 'libre'),
(39, 1, 39, 'libre'),
(40, 1, 40, 'libre'),
(41, 1, 41, 'libre'),
(42, 1, 42, 'libre'),
(43, 1, 43, 'libre'),
(44, 1, 44, 'libre'),
(45, 1, 45, 'libre'),
(46, 1, 46, 'libre'),
(47, 1, 47, 'libre'),
(48, 1, 48, 'libre'),
(49, 1, 49, 'libre'),
(50, 1, 50, 'libre'),
(51, 1, 51, 'libre'),
(52, 1, 52, 'libre'),
(53, 1, 53, 'libre'),
(54, 1, 54, 'libre'),
(55, 1, 55, 'libre'),
(56, 1, 56, 'libre'),
(57, 1, 57, 'libre'),
(58, 1, 58, 'libre'),
(59, 1, 59, 'libre'),
(60, 1, 60, 'libre'),
(61, 1, 61, 'libre'),
(62, 1, 62, 'libre'),
(63, 1, 63, 'libre'),
(64, 1, 64, 'libre'),
(65, 1, 65, 'libre'),
(66, 1, 66, 'libre'),
(67, 1, 67, 'libre'),
(68, 1, 68, 'libre'),
(69, 1, 69, 'libre'),
(70, 1, 70, 'libre'),
(71, 1, 71, 'libre'),
(72, 1, 72, 'libre'),
(73, 1, 73, 'libre'),
(74, 1, 74, 'libre'),
(75, 1, 75, 'libre'),
(76, 1, 76, 'libre'),
(77, 1, 77, 'libre'),
(78, 1, 78, 'libre'),
(79, 1, 79, 'libre'),
(80, 1, 80, 'libre'),
(81, 1, 81, 'libre'),
(82, 1, 82, 'libre'),
(83, 1, 83, 'libre'),
(84, 1, 84, 'libre'),
(85, 1, 85, 'libre'),
(86, 1, 86, 'libre'),
(87, 1, 87, 'libre'),
(88, 1, 88, 'libre'),
(89, 1, 89, 'libre'),
(90, 1, 90, 'libre'),
(91, 1, 91, 'libre'),
(92, 1, 92, 'libre'),
(93, 1, 93, 'libre'),
(94, 1, 94, 'libre'),
(95, 1, 95, 'libre'),
(96, 1, 96, 'libre'),
(97, 1, 97, 'libre'),
(98, 1, 98, 'libre'),
(99, 1, 99, 'libre'),
(100, 1, 100, 'libre'),
(101, 1, 101, 'libre'),
(102, 1, 102, 'libre'),
(103, 1, 103, 'libre'),
(104, 1, 104, 'libre'),
(105, 1, 105, 'libre'),
(106, 1, 106, 'libre'),
(107, 1, 107, 'libre'),
(108, 1, 108, 'libre'),
(109, 1, 109, 'libre'),
(110, 1, 110, 'libre'),
(111, 1, 111, 'libre'),
(112, 1, 112, 'libre'),
(113, 1, 113, 'libre'),
(114, 1, 114, 'libre'),
(115, 1, 115, 'libre'),
(116, 1, 116, 'libre'),
(117, 1, 117, 'libre'),
(118, 1, 118, 'libre'),
(119, 1, 119, 'libre'),
(120, 1, 120, 'libre'),
(121, 1, 121, 'libre'),
(122, 1, 122, 'libre'),
(123, 1, 123, 'libre'),
(124, 1, 124, 'libre'),
(125, 1, 125, 'libre'),
(126, 1, 126, 'libre'),
(127, 1, 127, 'libre'),
(128, 1, 128, 'libre'),
(129, 1, 129, 'libre'),
(130, 1, 130, 'libre'),
(131, 1, 131, 'libre'),
(132, 1, 132, 'libre'),
(133, 1, 133, 'libre'),
(134, 1, 134, 'libre'),
(135, 1, 135, 'libre'),
(136, 1, 136, 'libre'),
(137, 1, 137, 'libre'),
(138, 1, 138, 'libre'),
(139, 1, 139, 'libre'),
(140, 1, 140, 'libre'),
(141, 1, 141, 'libre'),
(142, 1, 142, 'libre'),
(143, 1, 143, 'libre'),
(144, 1, 144, 'libre'),
(145, 1, 145, 'libre'),
(146, 1, 146, 'libre'),
(147, 1, 147, 'libre'),
(148, 1, 148, 'libre'),
(149, 1, 149, 'libre'),
(150, 1, 150, 'libre'),
(151, 1, 151, 'libre'),
(152, 1, 152, 'libre'),
(153, 1, 153, 'libre'),
(154, 1, 154, 'libre'),
(155, 1, 155, 'libre'),
(156, 1, 156, 'libre'),
(157, 1, 157, 'libre'),
(158, 1, 158, 'libre'),
(159, 1, 159, 'libre'),
(160, 1, 160, 'libre'),
(161, 1, 161, 'libre'),
(162, 1, 162, 'libre'),
(163, 1, 163, 'libre'),
(164, 1, 164, 'libre'),
(165, 1, 165, 'libre'),
(166, 1, 166, 'libre'),
(167, 1, 167, 'libre'),
(168, 1, 168, 'libre'),
(169, 1, 169, 'libre'),
(170, 1, 170, 'libre'),
(171, 1, 171, 'libre'),
(172, 1, 172, 'libre'),
(173, 1, 173, 'libre'),
(174, 1, 174, 'libre'),
(175, 1, 175, 'libre'),
(176, 1, 176, 'libre'),
(177, 1, 177, 'libre'),
(178, 1, 178, 'libre'),
(179, 1, 179, 'libre'),
(180, 1, 180, 'libre'),
(181, 1, 181, 'libre'),
(182, 1, 182, 'libre'),
(183, 1, 183, 'libre'),
(184, 1, 184, 'libre'),
(185, 1, 185, 'libre'),
(186, 1, 186, 'libre'),
(187, 1, 187, 'libre'),
(188, 1, 188, 'libre'),
(189, 1, 189, 'libre'),
(190, 1, 190, 'libre'),
(191, 1, 191, 'libre'),
(192, 1, 192, 'libre'),
(193, 1, 193, 'libre'),
(194, 1, 194, 'libre'),
(195, 1, 195, 'libre'),
(196, 1, 196, 'libre'),
(197, 1, 197, 'libre'),
(198, 1, 198, 'libre'),
(199, 1, 199, 'libre'),
(200, 1, 200, 'libre'),
(256, 2, 201, 'libre'),
(257, 2, 202, 'libre'),
(258, 2, 203, 'libre'),
(259, 2, 204, 'libre'),
(260, 2, 205, 'libre'),
(261, 2, 206, 'libre'),
(262, 2, 207, 'libre'),
(263, 2, 208, 'libre'),
(264, 2, 209, 'libre'),
(265, 2, 210, 'libre'),
(266, 2, 211, 'libre'),
(267, 2, 212, 'libre'),
(268, 2, 213, 'libre'),
(269, 2, 214, 'libre'),
(270, 2, 215, 'libre'),
(271, 2, 216, 'libre'),
(272, 2, 217, 'libre'),
(273, 2, 218, 'libre'),
(274, 2, 219, 'libre'),
(275, 2, 220, 'libre'),
(276, 2, 221, 'libre'),
(277, 2, 222, 'libre'),
(278, 2, 223, 'libre'),
(279, 2, 224, 'libre'),
(280, 2, 225, 'libre'),
(281, 2, 226, 'libre'),
(282, 2, 227, 'libre'),
(283, 2, 228, 'libre'),
(284, 2, 229, 'libre'),
(285, 2, 230, 'libre'),
(286, 2, 231, 'libre'),
(287, 2, 232, 'libre'),
(288, 2, 233, 'libre'),
(289, 2, 234, 'libre'),
(290, 2, 235, 'libre'),
(291, 2, 236, 'libre'),
(292, 2, 237, 'libre'),
(293, 2, 238, 'libre'),
(294, 2, 239, 'libre'),
(295, 2, 240, 'libre'),
(296, 2, 241, 'libre'),
(297, 2, 242, 'libre'),
(298, 2, 243, 'libre'),
(299, 2, 244, 'libre'),
(300, 2, 245, 'libre'),
(301, 2, 246, 'libre'),
(302, 2, 247, 'libre'),
(303, 2, 248, 'libre'),
(304, 2, 249, 'libre'),
(305, 2, 250, 'libre'),
(306, 2, 251, 'libre'),
(307, 2, 252, 'libre'),
(308, 2, 253, 'libre'),
(309, 2, 254, 'libre'),
(310, 2, 255, 'libre'),
(311, 2, 256, 'libre'),
(312, 2, 257, 'libre'),
(313, 2, 258, 'libre'),
(314, 2, 259, 'libre'),
(315, 2, 260, 'libre'),
(316, 2, 261, 'libre'),
(317, 2, 262, 'libre'),
(318, 2, 263, 'libre'),
(319, 2, 264, 'libre'),
(320, 2, 265, 'libre'),
(321, 2, 266, 'libre'),
(322, 2, 267, 'libre'),
(323, 2, 268, 'libre'),
(324, 2, 269, 'libre'),
(325, 2, 270, 'libre'),
(326, 2, 271, 'libre'),
(327, 2, 272, 'libre'),
(328, 2, 273, 'libre'),
(329, 2, 274, 'libre'),
(330, 2, 275, 'libre'),
(331, 2, 276, 'libre'),
(332, 2, 277, 'libre'),
(333, 2, 278, 'libre'),
(334, 2, 279, 'libre'),
(335, 2, 280, 'libre'),
(336, 2, 281, 'libre'),
(337, 2, 282, 'libre'),
(338, 2, 283, 'libre'),
(339, 2, 284, 'libre'),
(340, 2, 285, 'libre'),
(341, 2, 286, 'libre'),
(342, 2, 287, 'libre'),
(343, 2, 288, 'libre'),
(344, 2, 289, 'libre'),
(345, 2, 290, 'libre'),
(346, 2, 291, 'libre'),
(347, 2, 292, 'libre'),
(348, 2, 293, 'libre'),
(349, 2, 294, 'libre'),
(350, 2, 295, 'libre'),
(351, 2, 296, 'libre'),
(352, 2, 297, 'libre'),
(353, 2, 298, 'libre'),
(354, 2, 299, 'libre'),
(355, 2, 300, 'libre'),
(356, 2, 301, 'libre'),
(357, 2, 302, 'libre'),
(358, 2, 303, 'libre'),
(359, 2, 304, 'libre'),
(360, 2, 305, 'libre'),
(361, 2, 306, 'libre'),
(362, 2, 307, 'libre'),
(363, 2, 308, 'libre'),
(364, 2, 309, 'libre'),
(365, 2, 310, 'libre'),
(366, 2, 311, 'libre'),
(367, 2, 312, 'libre'),
(368, 2, 313, 'libre'),
(369, 2, 314, 'libre'),
(370, 2, 315, 'libre'),
(371, 2, 316, 'libre'),
(372, 2, 317, 'libre'),
(373, 2, 318, 'libre'),
(374, 2, 319, 'libre'),
(375, 2, 320, 'libre'),
(376, 2, 321, 'libre'),
(377, 2, 322, 'libre'),
(378, 2, 323, 'libre'),
(379, 2, 324, 'libre'),
(380, 2, 325, 'libre'),
(381, 2, 326, 'libre'),
(382, 2, 327, 'libre'),
(383, 2, 328, 'libre'),
(384, 2, 329, 'libre'),
(385, 2, 330, 'libre'),
(386, 2, 331, 'libre'),
(387, 2, 332, 'libre'),
(388, 2, 333, 'libre'),
(389, 2, 334, 'libre'),
(390, 2, 335, 'libre'),
(391, 2, 336, 'libre'),
(392, 2, 337, 'libre'),
(393, 2, 338, 'libre'),
(394, 2, 339, 'libre'),
(395, 2, 340, 'libre'),
(396, 2, 341, 'libre'),
(397, 2, 342, 'libre'),
(398, 2, 343, 'libre'),
(399, 2, 344, 'libre'),
(400, 2, 345, 'libre'),
(401, 2, 346, 'libre'),
(402, 2, 347, 'libre'),
(403, 2, 348, 'libre'),
(404, 2, 349, 'libre'),
(405, 2, 350, 'libre'),
(406, 2, 351, 'libre'),
(407, 2, 352, 'libre'),
(408, 2, 353, 'libre'),
(409, 2, 354, 'libre'),
(410, 2, 355, 'libre'),
(411, 2, 356, 'libre'),
(412, 2, 357, 'libre'),
(413, 2, 358, 'libre'),
(414, 2, 359, 'libre'),
(415, 2, 360, 'libre'),
(416, 2, 361, 'libre'),
(417, 2, 362, 'libre'),
(418, 2, 363, 'libre'),
(419, 2, 364, 'libre'),
(420, 2, 365, 'libre'),
(421, 2, 366, 'libre'),
(422, 2, 367, 'libre'),
(423, 2, 368, 'libre'),
(424, 2, 369, 'libre'),
(425, 2, 370, 'libre'),
(426, 2, 371, 'libre'),
(427, 2, 372, 'libre'),
(428, 2, 373, 'libre'),
(429, 2, 374, 'libre'),
(430, 2, 375, 'libre'),
(431, 2, 376, 'libre'),
(432, 2, 377, 'libre'),
(433, 2, 378, 'libre'),
(434, 2, 379, 'libre'),
(435, 2, 380, 'libre'),
(511, 3, 381, 'libre'),
(512, 3, 382, 'libre'),
(513, 3, 383, 'libre'),
(514, 3, 384, 'libre'),
(515, 3, 385, 'libre'),
(516, 3, 386, 'libre'),
(517, 3, 387, 'libre'),
(518, 3, 388, 'libre'),
(519, 3, 389, 'libre'),
(520, 3, 390, 'libre'),
(521, 3, 391, 'libre'),
(522, 3, 392, 'libre'),
(523, 3, 393, 'libre'),
(524, 3, 394, 'libre'),
(525, 3, 395, 'libre'),
(526, 3, 396, 'libre'),
(527, 3, 397, 'libre'),
(528, 3, 398, 'libre'),
(529, 3, 399, 'libre'),
(530, 3, 400, 'libre'),
(531, 3, 401, 'libre'),
(532, 3, 402, 'libre'),
(533, 3, 403, 'libre'),
(534, 3, 404, 'libre'),
(535, 3, 405, 'libre'),
(536, 3, 406, 'libre'),
(537, 3, 407, 'libre'),
(538, 3, 408, 'libre'),
(539, 3, 409, 'libre'),
(540, 3, 410, 'libre'),
(541, 3, 411, 'libre'),
(542, 3, 412, 'libre'),
(543, 3, 413, 'libre'),
(544, 3, 414, 'libre'),
(545, 3, 415, 'libre'),
(546, 3, 416, 'libre'),
(547, 3, 417, 'libre'),
(548, 3, 418, 'libre'),
(549, 3, 419, 'libre'),
(550, 3, 420, 'libre'),
(551, 3, 421, 'libre'),
(552, 3, 422, 'libre'),
(553, 3, 423, 'libre'),
(554, 3, 424, 'libre'),
(555, 3, 425, 'libre'),
(556, 3, 426, 'libre'),
(557, 3, 427, 'libre'),
(558, 3, 428, 'libre'),
(559, 3, 429, 'libre'),
(560, 3, 430, 'libre'),
(561, 3, 431, 'libre'),
(562, 3, 432, 'libre'),
(563, 3, 433, 'libre'),
(564, 3, 434, 'libre'),
(565, 3, 435, 'libre'),
(566, 3, 436, 'libre'),
(567, 3, 437, 'libre'),
(568, 3, 438, 'libre'),
(569, 3, 439, 'libre'),
(570, 3, 440, 'libre'),
(571, 3, 441, 'libre'),
(572, 3, 442, 'libre'),
(573, 3, 443, 'libre'),
(574, 3, 444, 'libre'),
(575, 3, 445, 'libre'),
(576, 3, 446, 'libre'),
(577, 3, 447, 'libre'),
(578, 3, 448, 'libre'),
(579, 3, 449, 'libre'),
(580, 3, 450, 'libre'),
(581, 3, 451, 'libre'),
(582, 3, 452, 'libre'),
(583, 3, 453, 'libre'),
(584, 3, 454, 'libre'),
(585, 3, 455, 'libre'),
(586, 3, 456, 'libre'),
(587, 3, 457, 'libre'),
(588, 3, 458, 'libre'),
(589, 3, 459, 'libre'),
(590, 3, 460, 'libre'),
(591, 3, 461, 'libre'),
(592, 3, 462, 'libre'),
(593, 3, 463, 'libre'),
(594, 3, 464, 'libre'),
(595, 3, 465, 'libre'),
(596, 3, 466, 'libre'),
(597, 3, 467, 'libre'),
(598, 3, 468, 'libre'),
(599, 3, 469, 'libre'),
(600, 3, 470, 'libre'),
(601, 3, 471, 'libre'),
(602, 3, 472, 'libre'),
(603, 3, 473, 'libre'),
(604, 3, 474, 'libre'),
(605, 3, 475, 'libre'),
(606, 3, 476, 'libre'),
(607, 3, 477, 'libre'),
(608, 3, 478, 'libre'),
(609, 3, 479, 'libre'),
(610, 3, 480, 'libre'),
(611, 3, 481, 'libre'),
(612, 3, 482, 'libre'),
(613, 3, 483, 'libre'),
(614, 3, 484, 'libre'),
(615, 3, 485, 'libre'),
(616, 3, 486, 'libre'),
(617, 3, 487, 'libre'),
(618, 3, 488, 'libre'),
(619, 3, 489, 'libre'),
(620, 3, 490, 'libre'),
(621, 3, 491, 'libre'),
(622, 3, 492, 'libre'),
(623, 3, 493, 'libre'),
(624, 3, 494, 'libre'),
(625, 3, 495, 'libre'),
(626, 3, 496, 'libre'),
(627, 3, 497, 'libre'),
(628, 3, 498, 'libre'),
(629, 3, 499, 'libre'),
(630, 3, 500, 'libre'),
(631, 3, 501, 'libre'),
(632, 3, 502, 'libre'),
(633, 3, 503, 'libre'),
(634, 3, 504, 'libre'),
(635, 3, 505, 'libre'),
(636, 3, 506, 'libre'),
(637, 3, 507, 'libre'),
(638, 3, 508, 'libre'),
(639, 3, 509, 'libre'),
(640, 3, 510, 'libre'),
(641, 3, 511, 'libre'),
(642, 3, 512, 'libre'),
(643, 3, 513, 'libre'),
(644, 3, 514, 'libre'),
(645, 3, 515, 'libre'),
(646, 3, 516, 'libre'),
(647, 3, 517, 'libre'),
(648, 3, 518, 'libre'),
(649, 3, 519, 'libre'),
(650, 3, 520, 'libre'),
(651, 3, 521, 'libre'),
(652, 3, 522, 'libre'),
(653, 3, 523, 'libre'),
(654, 3, 524, 'libre'),
(655, 3, 525, 'libre'),
(656, 3, 526, 'libre'),
(657, 3, 527, 'libre'),
(658, 3, 528, 'libre'),
(659, 3, 529, 'libre'),
(660, 3, 530, 'libre'),
(661, 3, 531, 'libre'),
(662, 3, 532, 'libre'),
(663, 3, 533, 'libre'),
(664, 3, 534, 'libre'),
(665, 3, 535, 'libre'),
(666, 3, 536, 'libre'),
(667, 3, 537, 'libre'),
(668, 3, 538, 'libre'),
(669, 3, 539, 'libre'),
(670, 3, 540, 'libre'),
(671, 3, 541, 'libre'),
(672, 3, 542, 'libre'),
(673, 3, 543, 'libre'),
(674, 3, 544, 'libre'),
(675, 3, 545, 'libre'),
(676, 3, 546, 'libre'),
(677, 3, 547, 'libre'),
(678, 3, 548, 'libre'),
(679, 3, 549, 'libre'),
(680, 3, 550, 'libre'),
(681, 3, 551, 'libre'),
(682, 3, 552, 'libre'),
(683, 3, 553, 'libre'),
(684, 3, 554, 'libre'),
(685, 3, 555, 'libre'),
(686, 3, 556, 'libre'),
(687, 3, 557, 'libre'),
(688, 3, 558, 'libre'),
(689, 3, 559, 'libre'),
(690, 3, 560, 'libre'),
(691, 3, 561, 'libre'),
(692, 3, 562, 'libre'),
(693, 3, 563, 'libre'),
(694, 3, 564, 'libre'),
(695, 3, 565, 'libre'),
(696, 3, 566, 'libre'),
(697, 3, 567, 'libre'),
(698, 3, 568, 'libre'),
(699, 3, 569, 'libre'),
(700, 3, 570, 'libre'),
(701, 3, 571, 'libre'),
(702, 3, 572, 'libre'),
(703, 3, 573, 'libre'),
(704, 3, 574, 'libre'),
(705, 3, 575, 'libre'),
(706, 3, 576, 'libre'),
(707, 3, 577, 'libre'),
(708, 3, 578, 'libre'),
(709, 3, 579, 'libre'),
(710, 3, 580, 'libre'),
(711, 3, 581, 'libre'),
(712, 3, 582, 'libre'),
(713, 3, 583, 'libre'),
(714, 3, 584, 'libre'),
(715, 3, 585, 'libre'),
(716, 3, 586, 'libre'),
(717, 3, 587, 'libre'),
(718, 3, 588, 'libre'),
(719, 3, 589, 'libre'),
(720, 3, 590, 'libre'),
(721, 3, 591, 'libre'),
(722, 3, 592, 'libre'),
(723, 3, 593, 'libre'),
(724, 3, 594, 'libre'),
(725, 3, 595, 'libre'),
(726, 3, 596, 'libre'),
(727, 3, 597, 'libre'),
(728, 3, 598, 'libre'),
(729, 3, 599, 'libre'),
(730, 3, 600, 'libre'),
(766, 4, 601, 'libre'),
(767, 4, 602, 'libre'),
(768, 4, 603, 'libre'),
(769, 4, 604, 'libre'),
(770, 4, 605, 'libre'),
(771, 4, 606, 'libre'),
(772, 4, 607, 'libre'),
(773, 4, 608, 'libre'),
(774, 4, 609, 'libre'),
(775, 4, 610, 'libre'),
(776, 4, 611, 'libre'),
(777, 4, 612, 'libre'),
(778, 4, 613, 'libre'),
(779, 4, 614, 'libre'),
(780, 4, 615, 'libre'),
(781, 4, 616, 'libre'),
(782, 4, 617, 'libre'),
(783, 4, 618, 'libre'),
(784, 4, 619, 'libre'),
(785, 4, 620, 'libre'),
(786, 4, 621, 'libre'),
(787, 4, 622, 'libre'),
(788, 4, 623, 'libre'),
(789, 4, 624, 'libre'),
(790, 4, 625, 'libre'),
(791, 4, 626, 'libre'),
(792, 4, 627, 'libre'),
(793, 4, 628, 'libre'),
(794, 4, 629, 'libre'),
(795, 4, 630, 'libre'),
(796, 4, 631, 'libre'),
(797, 4, 632, 'libre'),
(798, 4, 633, 'libre'),
(799, 4, 634, 'libre'),
(800, 4, 635, 'libre'),
(801, 4, 636, 'libre'),
(802, 4, 637, 'libre'),
(803, 4, 638, 'libre'),
(804, 4, 639, 'libre'),
(805, 4, 640, 'libre'),
(806, 4, 641, 'libre'),
(807, 4, 642, 'libre'),
(808, 4, 643, 'libre'),
(809, 4, 644, 'ocupado'),
(810, 4, 645, 'libre'),
(811, 4, 646, 'libre'),
(812, 4, 647, 'libre'),
(813, 4, 648, 'libre'),
(814, 4, 649, 'libre'),
(815, 4, 650, 'libre'),
(816, 4, 651, 'libre'),
(817, 4, 652, 'libre'),
(818, 4, 653, 'libre'),
(819, 4, 654, 'libre'),
(820, 4, 655, 'libre'),
(821, 4, 656, 'libre'),
(822, 4, 657, 'libre'),
(823, 4, 658, 'libre'),
(824, 4, 659, 'libre'),
(825, 4, 660, 'libre'),
(826, 4, 661, 'libre'),
(827, 4, 662, 'libre'),
(828, 4, 663, 'libre'),
(829, 4, 664, 'libre'),
(830, 4, 665, 'libre'),
(831, 4, 666, 'libre'),
(832, 4, 667, 'libre'),
(833, 4, 668, 'libre'),
(834, 4, 669, 'libre'),
(835, 4, 670, 'libre'),
(836, 4, 671, 'libre'),
(837, 4, 672, 'libre'),
(838, 4, 673, 'libre'),
(839, 4, 674, 'libre'),
(840, 4, 675, 'libre'),
(841, 4, 676, 'libre'),
(842, 4, 677, 'libre'),
(843, 4, 678, 'libre'),
(844, 4, 679, 'libre'),
(845, 4, 680, 'libre'),
(846, 4, 681, 'libre'),
(847, 4, 682, 'libre'),
(848, 4, 683, 'libre'),
(849, 4, 684, 'libre'),
(850, 4, 685, 'libre'),
(851, 4, 686, 'libre'),
(852, 4, 687, 'libre'),
(853, 4, 688, 'libre'),
(854, 4, 689, 'libre'),
(855, 4, 690, 'libre'),
(856, 4, 691, 'libre'),
(857, 4, 692, 'libre'),
(858, 4, 693, 'libre'),
(859, 4, 694, 'libre'),
(860, 4, 695, 'libre'),
(861, 4, 696, 'libre'),
(862, 4, 697, 'libre'),
(863, 4, 698, 'libre'),
(864, 4, 699, 'libre'),
(865, 4, 700, 'libre'),
(866, 4, 701, 'libre'),
(867, 4, 702, 'libre'),
(868, 4, 703, 'libre'),
(869, 4, 704, 'libre'),
(870, 4, 705, 'libre'),
(871, 4, 706, 'libre'),
(872, 4, 707, 'libre'),
(873, 4, 708, 'libre'),
(874, 4, 709, 'libre'),
(875, 4, 710, 'libre'),
(876, 4, 711, 'libre'),
(877, 4, 712, 'libre'),
(878, 4, 713, 'libre'),
(879, 4, 714, 'libre'),
(880, 4, 715, 'libre'),
(881, 4, 716, 'libre'),
(882, 4, 717, 'libre'),
(883, 4, 718, 'libre'),
(884, 4, 719, 'libre'),
(885, 4, 720, 'libre'),
(886, 4, 721, 'libre'),
(887, 4, 722, 'libre'),
(888, 4, 723, 'libre'),
(889, 4, 724, 'libre'),
(890, 4, 725, 'libre'),
(891, 4, 726, 'libre'),
(892, 4, 727, 'libre'),
(893, 4, 728, 'libre'),
(894, 4, 729, 'libre'),
(895, 4, 730, 'libre'),
(896, 4, 731, 'libre'),
(897, 4, 732, 'libre'),
(898, 4, 733, 'libre'),
(899, 4, 734, 'libre'),
(900, 4, 735, 'libre'),
(901, 4, 736, 'libre'),
(902, 4, 737, 'libre'),
(903, 4, 738, 'libre'),
(904, 4, 739, 'libre'),
(905, 4, 740, 'libre'),
(906, 4, 741, 'libre'),
(907, 4, 742, 'libre'),
(908, 4, 743, 'libre'),
(909, 4, 744, 'libre'),
(910, 4, 745, 'libre'),
(911, 4, 746, 'libre'),
(912, 4, 747, 'libre'),
(913, 4, 748, 'libre'),
(914, 4, 749, 'libre'),
(915, 4, 750, 'libre'),
(916, 4, 751, 'libre'),
(917, 4, 752, 'libre'),
(918, 4, 753, 'libre'),
(919, 4, 754, 'libre'),
(920, 4, 755, 'libre'),
(921, 4, 756, 'libre'),
(922, 4, 757, 'libre'),
(923, 4, 758, 'libre'),
(924, 4, 759, 'libre'),
(925, 4, 760, 'libre'),
(926, 4, 761, 'libre'),
(927, 4, 762, 'libre'),
(928, 4, 763, 'libre'),
(929, 4, 764, 'libre'),
(930, 4, 765, 'libre'),
(931, 4, 766, 'libre'),
(932, 4, 767, 'libre'),
(933, 4, 768, 'libre'),
(934, 4, 769, 'libre'),
(935, 4, 770, 'libre'),
(1021, 5, 1, 'libre'),
(1022, 5, 2, 'libre'),
(1023, 5, 3, 'libre'),
(1024, 5, 4, 'libre'),
(1025, 5, 5, 'libre'),
(1026, 5, 6, 'libre'),
(1027, 5, 7, 'libre'),
(1028, 5, 8, 'libre'),
(1029, 5, 9, 'libre'),
(1030, 5, 10, 'libre'),
(1031, 5, 11, 'libre'),
(1032, 5, 12, 'libre'),
(1033, 5, 13, 'libre'),
(1034, 5, 14, 'libre'),
(1035, 5, 15, 'libre'),
(1036, 5, 16, 'libre'),
(1037, 5, 17, 'libre'),
(1038, 5, 18, 'libre'),
(1039, 5, 19, 'libre'),
(1040, 5, 20, 'libre'),
(1041, 5, 21, 'libre'),
(1042, 5, 22, 'libre'),
(1043, 5, 23, 'libre'),
(1044, 5, 24, 'libre'),
(1045, 5, 25, 'libre'),
(1046, 5, 26, 'libre'),
(1047, 5, 27, 'libre'),
(1048, 5, 28, 'libre'),
(1049, 5, 29, 'libre'),
(1050, 5, 30, 'libre'),
(1051, 5, 31, 'libre'),
(1052, 5, 32, 'libre'),
(1053, 5, 33, 'libre'),
(1054, 5, 34, 'libre'),
(1055, 5, 35, 'libre'),
(1056, 5, 36, 'libre'),
(1057, 5, 37, 'libre'),
(1058, 5, 38, 'libre'),
(1059, 5, 39, 'libre'),
(1060, 5, 40, 'libre'),
(1061, 5, 41, 'libre'),
(1062, 5, 42, 'libre'),
(1063, 5, 43, 'libre'),
(1064, 5, 44, 'libre'),
(1065, 5, 45, 'libre'),
(1066, 5, 46, 'libre'),
(1067, 5, 47, 'libre'),
(1068, 5, 48, 'libre'),
(1069, 5, 49, 'libre'),
(1070, 5, 50, 'libre'),
(1071, 5, 51, 'libre'),
(1072, 5, 52, 'libre'),
(1073, 5, 53, 'libre'),
(1074, 5, 54, 'libre'),
(1075, 5, 55, 'libre'),
(1076, 5, 56, 'libre'),
(1077, 5, 57, 'libre'),
(1078, 5, 58, 'libre'),
(1079, 5, 59, 'libre'),
(1080, 5, 60, 'libre'),
(1081, 5, 61, 'libre'),
(1082, 5, 62, 'libre'),
(1083, 5, 63, 'libre'),
(1084, 5, 64, 'libre'),
(1085, 5, 65, 'libre'),
(1086, 5, 66, 'libre'),
(1087, 5, 67, 'libre'),
(1088, 5, 68, 'libre'),
(1089, 5, 69, 'libre'),
(1090, 5, 70, 'libre'),
(1091, 5, 71, 'libre'),
(1092, 5, 72, 'libre'),
(1093, 5, 73, 'libre'),
(1094, 5, 74, 'libre'),
(1095, 5, 75, 'libre'),
(1096, 5, 76, 'libre'),
(1097, 5, 77, 'libre'),
(1098, 5, 78, 'libre'),
(1099, 5, 79, 'libre'),
(1100, 5, 80, 'libre'),
(1101, 5, 81, 'libre'),
(1102, 5, 82, 'libre'),
(1103, 5, 83, 'libre'),
(1104, 5, 84, 'libre'),
(1105, 5, 85, 'libre'),
(1106, 5, 86, 'libre'),
(1107, 5, 87, 'libre'),
(1108, 5, 88, 'libre'),
(1109, 5, 89, 'libre'),
(1110, 5, 90, 'libre'),
(1111, 5, 91, 'libre'),
(1112, 5, 92, 'libre'),
(1113, 5, 93, 'libre'),
(1114, 5, 94, 'libre'),
(1115, 5, 95, 'libre'),
(1116, 5, 96, 'libre'),
(1117, 5, 97, 'libre'),
(1118, 5, 98, 'libre'),
(1119, 5, 99, 'libre'),
(1120, 5, 100, 'libre'),
(1121, 5, 101, 'libre'),
(1122, 5, 102, 'libre'),
(1123, 5, 103, 'libre'),
(1124, 5, 104, 'libre'),
(1125, 5, 105, 'libre'),
(1126, 5, 106, 'libre'),
(1127, 5, 107, 'libre'),
(1128, 5, 108, 'libre'),
(1129, 5, 109, 'libre'),
(1130, 5, 110, 'libre'),
(1131, 5, 111, 'libre'),
(1132, 5, 112, 'libre'),
(1133, 5, 113, 'libre'),
(1134, 5, 114, 'libre'),
(1135, 5, 115, 'libre'),
(1136, 5, 116, 'libre'),
(1137, 5, 117, 'libre'),
(1138, 5, 118, 'libre'),
(1139, 5, 119, 'libre'),
(1140, 5, 120, 'libre'),
(1141, 5, 121, 'libre'),
(1142, 5, 122, 'libre'),
(1143, 5, 123, 'libre'),
(1144, 5, 124, 'libre'),
(1145, 5, 125, 'libre'),
(1146, 5, 126, 'libre'),
(1147, 5, 127, 'libre'),
(1148, 5, 128, 'libre'),
(1149, 5, 129, 'libre'),
(1150, 5, 130, 'libre'),
(1151, 5, 131, 'libre'),
(1152, 5, 132, 'libre'),
(1153, 5, 133, 'libre'),
(1154, 5, 134, 'libre'),
(1155, 5, 135, 'libre'),
(1156, 5, 136, 'libre'),
(1157, 5, 137, 'libre'),
(1158, 5, 138, 'libre'),
(1159, 5, 139, 'libre'),
(1160, 5, 140, 'libre'),
(1161, 5, 141, 'libre'),
(1162, 5, 142, 'libre'),
(1163, 5, 143, 'libre'),
(1164, 5, 144, 'libre'),
(1165, 5, 145, 'libre'),
(1166, 5, 146, 'libre'),
(1167, 5, 147, 'libre'),
(1168, 5, 148, 'libre'),
(1169, 5, 149, 'libre'),
(1170, 5, 150, 'libre'),
(1171, 5, 151, 'libre'),
(1172, 5, 152, 'libre'),
(1173, 5, 153, 'libre'),
(1174, 5, 154, 'libre'),
(1175, 5, 155, 'libre'),
(1176, 5, 156, 'libre'),
(1177, 5, 157, 'libre'),
(1178, 5, 158, 'libre'),
(1179, 5, 159, 'libre'),
(1180, 5, 160, 'libre'),
(1181, 5, 161, 'libre'),
(1182, 5, 162, 'libre'),
(1183, 5, 163, 'libre'),
(1184, 5, 164, 'libre'),
(1185, 5, 165, 'libre'),
(1186, 5, 166, 'libre'),
(1187, 5, 167, 'libre'),
(1188, 5, 168, 'libre'),
(1189, 5, 169, 'libre'),
(1190, 5, 170, 'libre'),
(1191, 5, 171, 'libre'),
(1192, 5, 172, 'libre'),
(1193, 5, 173, 'libre'),
(1194, 5, 174, 'libre'),
(1195, 5, 175, 'libre'),
(1196, 5, 176, 'libre'),
(1197, 5, 177, 'libre'),
(1198, 5, 178, 'libre'),
(1199, 5, 179, 'libre'),
(1200, 5, 180, 'libre'),
(1201, 5, 181, 'libre'),
(1202, 5, 182, 'libre'),
(1203, 5, 183, 'libre'),
(1204, 5, 184, 'libre'),
(1205, 5, 185, 'libre'),
(1206, 5, 186, 'libre'),
(1207, 5, 187, 'libre'),
(1208, 5, 188, 'libre'),
(1209, 5, 189, 'libre'),
(1210, 5, 190, 'libre'),
(1211, 5, 191, 'libre'),
(1212, 5, 192, 'libre'),
(1213, 5, 193, 'libre'),
(1214, 5, 194, 'libre'),
(1215, 5, 195, 'libre'),
(1216, 5, 196, 'libre'),
(1217, 5, 197, 'libre'),
(1218, 5, 198, 'libre'),
(1219, 5, 199, 'libre'),
(1220, 5, 200, 'libre'),
(1276, 6, 771, 'libre'),
(1277, 6, 772, 'libre'),
(1278, 6, 773, 'libre'),
(1279, 6, 774, 'libre'),
(1280, 6, 775, 'libre'),
(1281, 6, 776, 'libre'),
(1282, 6, 777, 'libre'),
(1283, 6, 778, 'libre'),
(1284, 6, 779, 'libre'),
(1285, 6, 780, 'libre'),
(1286, 6, 781, 'libre'),
(1287, 6, 782, 'libre'),
(1288, 6, 783, 'libre'),
(1289, 6, 784, 'libre'),
(1290, 6, 785, 'libre'),
(1291, 6, 786, 'libre'),
(1292, 6, 787, 'libre'),
(1293, 6, 788, 'libre'),
(1294, 6, 789, 'libre'),
(1295, 6, 790, 'libre'),
(1296, 6, 791, 'libre'),
(1297, 6, 792, 'libre'),
(1298, 6, 793, 'libre'),
(1299, 6, 794, 'libre'),
(1300, 6, 795, 'libre'),
(1301, 6, 796, 'libre'),
(1302, 6, 797, 'libre'),
(1303, 6, 798, 'libre'),
(1304, 6, 799, 'libre'),
(1305, 6, 800, 'libre'),
(1306, 6, 801, 'libre'),
(1307, 6, 802, 'libre'),
(1308, 6, 803, 'libre'),
(1309, 6, 804, 'libre'),
(1310, 6, 805, 'libre'),
(1311, 6, 806, 'libre'),
(1312, 6, 807, 'libre'),
(1313, 6, 808, 'libre'),
(1314, 6, 809, 'libre'),
(1315, 6, 810, 'libre'),
(1316, 6, 811, 'libre'),
(1317, 6, 812, 'libre'),
(1318, 6, 813, 'libre'),
(1319, 6, 814, 'libre'),
(1320, 6, 815, 'libre'),
(1321, 6, 816, 'libre'),
(1322, 6, 817, 'libre'),
(1323, 6, 818, 'libre'),
(1324, 6, 819, 'libre'),
(1325, 6, 820, 'libre'),
(1326, 6, 821, 'libre'),
(1327, 6, 822, 'libre'),
(1328, 6, 823, 'libre'),
(1329, 6, 824, 'libre'),
(1330, 6, 825, 'libre'),
(1331, 6, 826, 'libre'),
(1332, 6, 827, 'libre'),
(1333, 6, 828, 'libre'),
(1334, 6, 829, 'libre'),
(1335, 6, 830, 'libre'),
(1336, 6, 831, 'libre'),
(1337, 6, 832, 'libre'),
(1338, 6, 833, 'libre'),
(1339, 6, 834, 'libre'),
(1340, 6, 835, 'libre'),
(1341, 6, 836, 'libre'),
(1342, 6, 837, 'libre'),
(1343, 6, 838, 'libre'),
(1344, 6, 839, 'libre'),
(1345, 6, 840, 'libre'),
(1346, 6, 841, 'libre'),
(1347, 6, 842, 'libre'),
(1348, 6, 843, 'libre'),
(1349, 6, 844, 'libre'),
(1350, 6, 845, 'libre'),
(1351, 6, 846, 'libre'),
(1352, 6, 847, 'libre'),
(1353, 6, 848, 'libre'),
(1354, 6, 849, 'libre'),
(1355, 6, 850, 'libre'),
(1356, 6, 851, 'libre'),
(1357, 6, 852, 'libre'),
(1358, 6, 853, 'libre'),
(1359, 6, 854, 'libre'),
(1360, 6, 855, 'libre'),
(1361, 6, 856, 'libre'),
(1362, 6, 857, 'libre'),
(1363, 6, 858, 'libre'),
(1364, 6, 859, 'libre'),
(1365, 6, 860, 'libre'),
(1366, 6, 861, 'libre'),
(1367, 6, 862, 'libre'),
(1368, 6, 863, 'libre'),
(1369, 6, 864, 'libre'),
(1370, 6, 865, 'libre'),
(1371, 6, 866, 'libre'),
(1372, 6, 867, 'libre'),
(1373, 6, 868, 'libre'),
(1374, 6, 869, 'libre'),
(1375, 6, 870, 'libre'),
(1376, 6, 871, 'libre'),
(1377, 6, 872, 'libre'),
(1378, 6, 873, 'libre'),
(1379, 6, 874, 'libre'),
(1380, 6, 875, 'libre'),
(1381, 6, 876, 'libre'),
(1382, 6, 877, 'libre'),
(1383, 6, 878, 'libre'),
(1384, 6, 879, 'libre'),
(1385, 6, 880, 'libre'),
(1386, 6, 881, 'libre'),
(1387, 6, 882, 'libre'),
(1388, 6, 883, 'libre'),
(1389, 6, 884, 'libre'),
(1390, 6, 885, 'libre'),
(1391, 6, 886, 'libre'),
(1392, 6, 887, 'libre'),
(1393, 6, 888, 'libre'),
(1394, 6, 889, 'libre'),
(1395, 6, 890, 'libre'),
(1396, 6, 891, 'libre'),
(1397, 6, 892, 'libre'),
(1398, 6, 893, 'libre'),
(1399, 6, 894, 'libre'),
(1400, 6, 895, 'libre'),
(1401, 6, 896, 'libre'),
(1402, 6, 897, 'libre'),
(1403, 6, 898, 'libre'),
(1404, 6, 899, 'libre'),
(1405, 6, 900, 'libre'),
(1406, 6, 901, 'libre'),
(1407, 6, 902, 'libre'),
(1408, 6, 903, 'libre'),
(1409, 6, 904, 'libre'),
(1410, 6, 905, 'libre'),
(1411, 6, 906, 'libre'),
(1412, 6, 907, 'libre'),
(1413, 6, 908, 'libre'),
(1414, 6, 909, 'libre'),
(1415, 6, 910, 'libre'),
(1416, 6, 911, 'libre'),
(1417, 6, 912, 'libre'),
(1418, 6, 913, 'libre'),
(1419, 6, 914, 'libre'),
(1420, 6, 915, 'libre'),
(1421, 6, 916, 'libre'),
(1422, 6, 917, 'libre'),
(1423, 6, 918, 'libre'),
(1424, 6, 919, 'libre'),
(1425, 6, 920, 'libre'),
(1426, 6, 921, 'libre'),
(1427, 6, 922, 'libre'),
(1428, 6, 923, 'libre'),
(1429, 6, 924, 'libre'),
(1430, 6, 925, 'libre'),
(1431, 6, 926, 'libre'),
(1432, 6, 927, 'libre'),
(1433, 6, 928, 'libre'),
(1434, 6, 929, 'libre'),
(1435, 6, 930, 'libre'),
(1436, 6, 931, 'libre'),
(1437, 6, 932, 'libre'),
(1438, 6, 933, 'libre'),
(1439, 6, 934, 'libre'),
(1440, 6, 935, 'libre'),
(1441, 6, 936, 'libre'),
(1442, 6, 937, 'libre'),
(1443, 6, 938, 'libre'),
(1444, 6, 939, 'libre'),
(1445, 6, 940, 'libre'),
(1446, 6, 941, 'libre'),
(1447, 6, 942, 'libre'),
(1448, 6, 943, 'libre'),
(1449, 6, 944, 'libre'),
(1450, 6, 945, 'libre'),
(1451, 6, 946, 'libre'),
(1452, 6, 947, 'libre'),
(1453, 6, 948, 'libre'),
(1454, 6, 949, 'libre'),
(1455, 6, 950, 'libre'),
(1456, 6, 951, 'libre'),
(1457, 6, 952, 'libre'),
(1458, 6, 953, 'libre'),
(1459, 6, 954, 'libre'),
(1460, 6, 955, 'libre'),
(1461, 6, 956, 'libre'),
(1462, 6, 957, 'libre'),
(1463, 6, 958, 'libre'),
(1464, 6, 959, 'libre'),
(1465, 6, 960, 'libre'),
(1466, 6, 961, 'libre'),
(1467, 6, 962, 'libre'),
(1468, 6, 963, 'libre'),
(1469, 6, 964, 'libre'),
(1470, 6, 965, 'libre'),
(1471, 6, 966, 'libre'),
(1472, 6, 967, 'libre'),
(1473, 6, 968, 'libre'),
(1474, 6, 969, 'libre'),
(1475, 6, 970, 'libre'),
(1476, 6, 971, 'libre'),
(1477, 6, 972, 'libre'),
(1478, 6, 973, 'libre'),
(1479, 6, 974, 'libre'),
(1480, 6, 975, 'libre'),
(1481, 6, 976, 'libre'),
(1482, 6, 977, 'libre'),
(1483, 6, 978, 'libre'),
(1484, 6, 979, 'libre'),
(1485, 6, 980, 'libre'),
(1531, 7, 201, 'libre'),
(1532, 7, 202, 'libre'),
(1533, 7, 203, 'libre'),
(1534, 7, 204, 'libre'),
(1535, 7, 205, 'libre'),
(1536, 7, 206, 'libre'),
(1537, 7, 207, 'libre'),
(1538, 7, 208, 'libre'),
(1539, 7, 209, 'libre'),
(1540, 7, 210, 'libre'),
(1541, 7, 211, 'libre'),
(1542, 7, 212, 'libre'),
(1543, 7, 213, 'libre'),
(1544, 7, 214, 'libre'),
(1545, 7, 215, 'libre'),
(1546, 7, 216, 'libre'),
(1547, 7, 217, 'libre'),
(1548, 7, 218, 'libre'),
(1549, 7, 219, 'libre'),
(1550, 7, 220, 'libre'),
(1551, 7, 221, 'libre'),
(1552, 7, 222, 'libre'),
(1553, 7, 223, 'libre'),
(1554, 7, 224, 'libre'),
(1555, 7, 225, 'libre'),
(1556, 7, 226, 'libre'),
(1557, 7, 227, 'libre'),
(1558, 7, 228, 'libre'),
(1559, 7, 229, 'libre'),
(1560, 7, 230, 'libre'),
(1561, 7, 231, 'libre'),
(1562, 7, 232, 'libre'),
(1563, 7, 233, 'libre'),
(1564, 7, 234, 'libre'),
(1565, 7, 235, 'libre'),
(1566, 7, 236, 'libre'),
(1567, 7, 237, 'libre'),
(1568, 7, 238, 'libre'),
(1569, 7, 239, 'libre'),
(1570, 7, 240, 'libre'),
(1571, 7, 241, 'libre'),
(1572, 7, 242, 'libre'),
(1573, 7, 243, 'libre'),
(1574, 7, 244, 'libre'),
(1575, 7, 245, 'libre'),
(1576, 7, 246, 'libre'),
(1577, 7, 247, 'libre'),
(1578, 7, 248, 'libre'),
(1579, 7, 249, 'libre'),
(1580, 7, 250, 'libre'),
(1581, 7, 251, 'libre'),
(1582, 7, 252, 'libre'),
(1583, 7, 253, 'libre'),
(1584, 7, 254, 'libre'),
(1585, 7, 255, 'libre'),
(1586, 7, 256, 'libre'),
(1587, 7, 257, 'libre'),
(1588, 7, 258, 'libre'),
(1589, 7, 259, 'libre'),
(1590, 7, 260, 'libre'),
(1591, 7, 261, 'libre'),
(1592, 7, 262, 'libre'),
(1593, 7, 263, 'libre'),
(1594, 7, 264, 'libre'),
(1595, 7, 265, 'libre'),
(1596, 7, 266, 'libre'),
(1597, 7, 267, 'libre'),
(1598, 7, 268, 'libre'),
(1599, 7, 269, 'libre'),
(1600, 7, 270, 'libre'),
(1601, 7, 271, 'libre'),
(1602, 7, 272, 'libre'),
(1603, 7, 273, 'libre'),
(1604, 7, 274, 'libre'),
(1605, 7, 275, 'libre'),
(1606, 7, 276, 'libre'),
(1607, 7, 277, 'libre'),
(1608, 7, 278, 'libre'),
(1609, 7, 279, 'libre'),
(1610, 7, 280, 'libre'),
(1611, 7, 281, 'libre'),
(1612, 7, 282, 'libre'),
(1613, 7, 283, 'libre'),
(1614, 7, 284, 'libre'),
(1615, 7, 285, 'libre'),
(1616, 7, 286, 'libre'),
(1617, 7, 287, 'libre'),
(1618, 7, 288, 'libre'),
(1619, 7, 289, 'libre'),
(1620, 7, 290, 'libre'),
(1621, 7, 291, 'libre'),
(1622, 7, 292, 'libre'),
(1623, 7, 293, 'libre'),
(1624, 7, 294, 'libre'),
(1625, 7, 295, 'libre'),
(1626, 7, 296, 'libre'),
(1627, 7, 297, 'libre'),
(1628, 7, 298, 'libre'),
(1629, 7, 299, 'libre'),
(1630, 7, 300, 'libre'),
(1631, 7, 301, 'libre'),
(1632, 7, 302, 'libre'),
(1633, 7, 303, 'libre'),
(1634, 7, 304, 'libre'),
(1635, 7, 305, 'libre'),
(1636, 7, 306, 'libre'),
(1637, 7, 307, 'libre'),
(1638, 7, 308, 'libre'),
(1639, 7, 309, 'libre'),
(1640, 7, 310, 'libre'),
(1641, 7, 311, 'libre'),
(1642, 7, 312, 'libre'),
(1643, 7, 313, 'libre'),
(1644, 7, 314, 'libre'),
(1645, 7, 315, 'libre'),
(1646, 7, 316, 'libre'),
(1647, 7, 317, 'libre'),
(1648, 7, 318, 'libre'),
(1649, 7, 319, 'libre'),
(1650, 7, 320, 'libre'),
(1651, 7, 321, 'libre'),
(1652, 7, 322, 'libre'),
(1653, 7, 323, 'libre'),
(1654, 7, 324, 'libre'),
(1655, 7, 325, 'libre'),
(1656, 7, 326, 'libre'),
(1657, 7, 327, 'libre'),
(1658, 7, 328, 'libre'),
(1659, 7, 329, 'libre'),
(1660, 7, 330, 'libre'),
(1661, 7, 331, 'libre'),
(1662, 7, 332, 'libre'),
(1663, 7, 333, 'libre'),
(1664, 7, 334, 'libre'),
(1665, 7, 335, 'libre'),
(1666, 7, 336, 'libre'),
(1667, 7, 337, 'libre'),
(1668, 7, 338, 'libre'),
(1669, 7, 339, 'libre'),
(1670, 7, 340, 'libre'),
(1671, 7, 341, 'libre'),
(1672, 7, 342, 'libre'),
(1673, 7, 343, 'libre'),
(1674, 7, 344, 'libre'),
(1675, 7, 345, 'libre'),
(1676, 7, 346, 'libre'),
(1677, 7, 347, 'libre'),
(1678, 7, 348, 'libre'),
(1679, 7, 349, 'libre'),
(1680, 7, 350, 'libre'),
(1681, 7, 351, 'libre'),
(1682, 7, 352, 'libre'),
(1683, 7, 353, 'libre'),
(1684, 7, 354, 'libre'),
(1685, 7, 355, 'libre'),
(1686, 7, 356, 'libre'),
(1687, 7, 357, 'libre'),
(1688, 7, 358, 'libre'),
(1689, 7, 359, 'libre'),
(1690, 7, 360, 'libre'),
(1691, 7, 361, 'libre'),
(1692, 7, 362, 'libre'),
(1693, 7, 363, 'libre'),
(1694, 7, 364, 'libre'),
(1695, 7, 365, 'libre'),
(1696, 7, 366, 'libre'),
(1697, 7, 367, 'libre'),
(1698, 7, 368, 'libre'),
(1699, 7, 369, 'libre'),
(1700, 7, 370, 'libre'),
(1701, 7, 371, 'libre'),
(1702, 7, 372, 'libre'),
(1703, 7, 373, 'libre'),
(1704, 7, 374, 'libre'),
(1705, 7, 375, 'libre'),
(1706, 7, 376, 'libre'),
(1707, 7, 377, 'libre'),
(1708, 7, 378, 'libre'),
(1709, 7, 379, 'libre'),
(1710, 7, 380, 'libre'),
(1786, 8, 381, 'libre'),
(1787, 8, 382, 'libre'),
(1788, 8, 383, 'libre'),
(1789, 8, 384, 'libre'),
(1790, 8, 385, 'libre'),
(1791, 8, 386, 'libre'),
(1792, 8, 387, 'libre'),
(1793, 8, 388, 'libre'),
(1794, 8, 389, 'libre'),
(1795, 8, 390, 'libre'),
(1796, 8, 391, 'libre'),
(1797, 8, 392, 'libre'),
(1798, 8, 393, 'libre'),
(1799, 8, 394, 'libre'),
(1800, 8, 395, 'libre'),
(1801, 8, 396, 'libre'),
(1802, 8, 397, 'libre'),
(1803, 8, 398, 'libre'),
(1804, 8, 399, 'libre'),
(1805, 8, 400, 'libre'),
(1806, 8, 401, 'libre'),
(1807, 8, 402, 'libre'),
(1808, 8, 403, 'libre'),
(1809, 8, 404, 'libre'),
(1810, 8, 405, 'libre'),
(1811, 8, 406, 'libre'),
(1812, 8, 407, 'libre'),
(1813, 8, 408, 'libre'),
(1814, 8, 409, 'libre'),
(1815, 8, 410, 'libre'),
(1816, 8, 411, 'libre'),
(1817, 8, 412, 'libre'),
(1818, 8, 413, 'libre'),
(1819, 8, 414, 'libre'),
(1820, 8, 415, 'libre'),
(1821, 8, 416, 'libre'),
(1822, 8, 417, 'libre'),
(1823, 8, 418, 'libre'),
(1824, 8, 419, 'libre'),
(1825, 8, 420, 'libre'),
(1826, 8, 421, 'libre'),
(1827, 8, 422, 'libre'),
(1828, 8, 423, 'libre'),
(1829, 8, 424, 'libre'),
(1830, 8, 425, 'libre'),
(1831, 8, 426, 'libre'),
(1832, 8, 427, 'libre'),
(1833, 8, 428, 'libre'),
(1834, 8, 429, 'libre'),
(1835, 8, 430, 'libre'),
(1836, 8, 431, 'libre'),
(1837, 8, 432, 'libre'),
(1838, 8, 433, 'libre'),
(1839, 8, 434, 'libre'),
(1840, 8, 435, 'libre'),
(1841, 8, 436, 'libre'),
(1842, 8, 437, 'libre'),
(1843, 8, 438, 'libre'),
(1844, 8, 439, 'libre'),
(1845, 8, 440, 'libre'),
(1846, 8, 441, 'libre'),
(1847, 8, 442, 'libre'),
(1848, 8, 443, 'libre'),
(1849, 8, 444, 'libre'),
(1850, 8, 445, 'libre'),
(1851, 8, 446, 'libre'),
(1852, 8, 447, 'libre'),
(1853, 8, 448, 'libre'),
(1854, 8, 449, 'libre'),
(1855, 8, 450, 'libre'),
(1856, 8, 451, 'libre'),
(1857, 8, 452, 'libre'),
(1858, 8, 453, 'libre'),
(1859, 8, 454, 'libre'),
(1860, 8, 455, 'libre'),
(1861, 8, 456, 'libre'),
(1862, 8, 457, 'libre'),
(1863, 8, 458, 'libre'),
(1864, 8, 459, 'libre'),
(1865, 8, 460, 'libre'),
(1866, 8, 461, 'libre'),
(1867, 8, 462, 'libre'),
(1868, 8, 463, 'libre'),
(1869, 8, 464, 'libre'),
(1870, 8, 465, 'libre'),
(1871, 8, 466, 'libre'),
(1872, 8, 467, 'libre'),
(1873, 8, 468, 'libre'),
(1874, 8, 469, 'libre'),
(1875, 8, 470, 'libre'),
(1876, 8, 471, 'libre'),
(1877, 8, 472, 'libre'),
(1878, 8, 473, 'libre'),
(1879, 8, 474, 'libre'),
(1880, 8, 475, 'libre'),
(1881, 8, 476, 'libre'),
(1882, 8, 477, 'libre'),
(1883, 8, 478, 'libre'),
(1884, 8, 479, 'libre'),
(1885, 8, 480, 'libre'),
(1886, 8, 481, 'libre'),
(1887, 8, 482, 'libre'),
(1888, 8, 483, 'libre'),
(1889, 8, 484, 'libre'),
(1890, 8, 485, 'libre'),
(1891, 8, 486, 'libre'),
(1892, 8, 487, 'libre'),
(1893, 8, 488, 'libre'),
(1894, 8, 489, 'libre'),
(1895, 8, 490, 'libre'),
(1896, 8, 491, 'libre'),
(1897, 8, 492, 'libre'),
(1898, 8, 493, 'libre'),
(1899, 8, 494, 'libre'),
(1900, 8, 495, 'libre'),
(1901, 8, 496, 'libre'),
(1902, 8, 497, 'libre'),
(1903, 8, 498, 'libre'),
(1904, 8, 499, 'libre'),
(1905, 8, 500, 'libre'),
(1906, 8, 501, 'libre'),
(1907, 8, 502, 'libre'),
(1908, 8, 503, 'libre'),
(1909, 8, 504, 'libre'),
(1910, 8, 505, 'libre'),
(1911, 8, 506, 'libre'),
(1912, 8, 507, 'libre'),
(1913, 8, 508, 'libre'),
(1914, 8, 509, 'libre'),
(1915, 8, 510, 'libre'),
(1916, 8, 511, 'libre'),
(1917, 8, 512, 'libre'),
(1918, 8, 513, 'libre'),
(1919, 8, 514, 'libre'),
(1920, 8, 515, 'libre'),
(1921, 8, 516, 'libre'),
(1922, 8, 517, 'libre'),
(1923, 8, 518, 'libre'),
(1924, 8, 519, 'libre'),
(1925, 8, 520, 'libre'),
(1926, 8, 521, 'libre'),
(1927, 8, 522, 'libre'),
(1928, 8, 523, 'libre'),
(1929, 8, 524, 'libre'),
(1930, 8, 525, 'libre'),
(1931, 8, 526, 'libre'),
(1932, 8, 527, 'libre'),
(1933, 8, 528, 'libre'),
(1934, 8, 529, 'libre'),
(1935, 8, 530, 'libre'),
(1936, 8, 531, 'libre'),
(1937, 8, 532, 'libre'),
(1938, 8, 533, 'libre'),
(1939, 8, 534, 'libre'),
(1940, 8, 535, 'libre'),
(1941, 8, 536, 'libre'),
(1942, 8, 537, 'libre'),
(1943, 8, 538, 'libre'),
(1944, 8, 539, 'libre'),
(1945, 8, 540, 'libre'),
(1946, 8, 541, 'libre'),
(1947, 8, 542, 'libre'),
(1948, 8, 543, 'libre'),
(1949, 8, 544, 'libre'),
(1950, 8, 545, 'libre'),
(1951, 8, 546, 'libre'),
(1952, 8, 547, 'libre'),
(1953, 8, 548, 'libre'),
(1954, 8, 549, 'libre'),
(1955, 8, 550, 'libre'),
(1956, 8, 551, 'libre'),
(1957, 8, 552, 'libre'),
(1958, 8, 553, 'libre'),
(1959, 8, 554, 'libre'),
(1960, 8, 555, 'libre'),
(1961, 8, 556, 'libre'),
(1962, 8, 557, 'libre'),
(1963, 8, 558, 'libre'),
(1964, 8, 559, 'libre'),
(1965, 8, 560, 'libre'),
(1966, 8, 561, 'libre'),
(1967, 8, 562, 'libre'),
(1968, 8, 563, 'libre'),
(1969, 8, 564, 'libre'),
(1970, 8, 565, 'libre'),
(1971, 8, 566, 'libre'),
(1972, 8, 567, 'libre'),
(1973, 8, 568, 'libre'),
(1974, 8, 569, 'libre'),
(1975, 8, 570, 'libre'),
(1976, 8, 571, 'libre'),
(1977, 8, 572, 'libre'),
(1978, 8, 573, 'libre'),
(1979, 8, 574, 'libre'),
(1980, 8, 575, 'libre'),
(1981, 8, 576, 'libre'),
(1982, 8, 577, 'libre'),
(1983, 8, 578, 'libre'),
(1984, 8, 579, 'libre'),
(1985, 8, 580, 'libre'),
(1986, 8, 581, 'libre'),
(1987, 8, 582, 'libre'),
(1988, 8, 583, 'libre'),
(1989, 8, 584, 'libre'),
(1990, 8, 585, 'libre'),
(1991, 8, 586, 'libre'),
(1992, 8, 587, 'libre'),
(1993, 8, 588, 'libre'),
(1994, 8, 589, 'libre'),
(1995, 8, 590, 'libre'),
(1996, 8, 591, 'libre'),
(1997, 8, 592, 'libre'),
(1998, 8, 593, 'libre'),
(1999, 8, 594, 'libre'),
(2000, 8, 595, 'libre'),
(2001, 8, 596, 'libre'),
(2002, 8, 597, 'libre'),
(2003, 8, 598, 'libre'),
(2004, 8, 599, 'libre'),
(2005, 8, 600, 'libre'),
(2041, 9, 601, 'libre'),
(2042, 9, 602, 'libre'),
(2043, 9, 603, 'libre'),
(2044, 9, 604, 'libre'),
(2045, 9, 605, 'libre'),
(2046, 9, 606, 'libre'),
(2047, 9, 607, 'libre'),
(2048, 9, 608, 'libre'),
(2049, 9, 609, 'libre'),
(2050, 9, 610, 'libre'),
(2051, 9, 611, 'libre'),
(2052, 9, 612, 'libre'),
(2053, 9, 613, 'libre'),
(2054, 9, 614, 'libre'),
(2055, 9, 615, 'libre'),
(2056, 9, 616, 'libre'),
(2057, 9, 617, 'libre'),
(2058, 9, 618, 'libre'),
(2059, 9, 619, 'libre'),
(2060, 9, 620, 'libre'),
(2061, 9, 621, 'libre'),
(2062, 9, 622, 'libre'),
(2063, 9, 623, 'libre'),
(2064, 9, 624, 'libre'),
(2065, 9, 625, 'libre'),
(2066, 9, 626, 'libre'),
(2067, 9, 627, 'libre'),
(2068, 9, 628, 'libre'),
(2069, 9, 629, 'libre'),
(2070, 9, 630, 'libre'),
(2071, 9, 631, 'libre'),
(2072, 9, 632, 'libre'),
(2073, 9, 633, 'libre'),
(2074, 9, 634, 'libre'),
(2075, 9, 635, 'libre'),
(2076, 9, 636, 'libre'),
(2077, 9, 637, 'libre'),
(2078, 9, 638, 'libre'),
(2079, 9, 639, 'libre'),
(2080, 9, 640, 'libre'),
(2081, 9, 641, 'libre'),
(2082, 9, 642, 'libre'),
(2083, 9, 643, 'libre'),
(2084, 9, 644, 'libre'),
(2085, 9, 645, 'libre'),
(2086, 9, 646, 'libre'),
(2087, 9, 647, 'libre'),
(2088, 9, 648, 'libre'),
(2089, 9, 649, 'libre'),
(2090, 9, 650, 'libre'),
(2091, 9, 651, 'libre'),
(2092, 9, 652, 'libre'),
(2093, 9, 653, 'libre'),
(2094, 9, 654, 'libre'),
(2095, 9, 655, 'libre'),
(2096, 9, 656, 'libre'),
(2097, 9, 657, 'libre'),
(2098, 9, 658, 'libre'),
(2099, 9, 659, 'libre'),
(2100, 9, 660, 'libre'),
(2101, 9, 661, 'libre'),
(2102, 9, 662, 'libre'),
(2103, 9, 663, 'libre'),
(2104, 9, 664, 'libre'),
(2105, 9, 665, 'libre'),
(2106, 9, 666, 'libre'),
(2107, 9, 667, 'libre'),
(2108, 9, 668, 'libre'),
(2109, 9, 669, 'libre'),
(2110, 9, 670, 'libre'),
(2111, 9, 671, 'libre'),
(2112, 9, 672, 'libre'),
(2113, 9, 673, 'libre'),
(2114, 9, 674, 'libre'),
(2115, 9, 675, 'libre'),
(2116, 9, 676, 'libre'),
(2117, 9, 677, 'libre'),
(2118, 9, 678, 'libre'),
(2119, 9, 679, 'libre'),
(2120, 9, 680, 'ocupado'),
(2121, 9, 681, 'ocupado'),
(2122, 9, 682, 'libre'),
(2123, 9, 683, 'libre'),
(2124, 9, 684, 'libre'),
(2125, 9, 685, 'libre'),
(2126, 9, 686, 'libre'),
(2127, 9, 687, 'libre'),
(2128, 9, 688, 'libre'),
(2129, 9, 689, 'libre'),
(2130, 9, 690, 'libre'),
(2131, 9, 691, 'libre'),
(2132, 9, 692, 'libre'),
(2133, 9, 693, 'libre'),
(2134, 9, 694, 'libre'),
(2135, 9, 695, 'libre'),
(2136, 9, 696, 'libre'),
(2137, 9, 697, 'libre'),
(2138, 9, 698, 'libre'),
(2139, 9, 699, 'libre'),
(2140, 9, 700, 'libre'),
(2141, 9, 701, 'libre'),
(2142, 9, 702, 'libre'),
(2143, 9, 703, 'libre'),
(2144, 9, 704, 'libre'),
(2145, 9, 705, 'libre'),
(2146, 9, 706, 'libre'),
(2147, 9, 707, 'libre'),
(2148, 9, 708, 'libre'),
(2149, 9, 709, 'libre'),
(2150, 9, 710, 'libre'),
(2151, 9, 711, 'libre'),
(2152, 9, 712, 'libre'),
(2153, 9, 713, 'libre'),
(2154, 9, 714, 'libre'),
(2155, 9, 715, 'libre'),
(2156, 9, 716, 'libre'),
(2157, 9, 717, 'libre'),
(2158, 9, 718, 'libre'),
(2159, 9, 719, 'libre'),
(2160, 9, 720, 'libre'),
(2161, 9, 721, 'libre'),
(2162, 9, 722, 'libre'),
(2163, 9, 723, 'libre'),
(2164, 9, 724, 'libre'),
(2165, 9, 725, 'libre'),
(2166, 9, 726, 'libre'),
(2167, 9, 727, 'libre'),
(2168, 9, 728, 'libre'),
(2169, 9, 729, 'libre'),
(2170, 9, 730, 'libre'),
(2171, 9, 731, 'libre'),
(2172, 9, 732, 'libre'),
(2173, 9, 733, 'libre'),
(2174, 9, 734, 'libre'),
(2175, 9, 735, 'libre'),
(2176, 9, 736, 'libre'),
(2177, 9, 737, 'libre'),
(2178, 9, 738, 'libre'),
(2179, 9, 739, 'libre'),
(2180, 9, 740, 'libre'),
(2181, 9, 741, 'libre'),
(2182, 9, 742, 'libre'),
(2183, 9, 743, 'libre'),
(2184, 9, 744, 'libre'),
(2185, 9, 745, 'libre'),
(2186, 9, 746, 'libre'),
(2187, 9, 747, 'libre'),
(2188, 9, 748, 'libre'),
(2189, 9, 749, 'libre'),
(2190, 9, 750, 'libre'),
(2191, 9, 751, 'libre'),
(2192, 9, 752, 'libre'),
(2193, 9, 753, 'libre'),
(2194, 9, 754, 'libre'),
(2195, 9, 755, 'libre'),
(2196, 9, 756, 'libre'),
(2197, 9, 757, 'libre'),
(2198, 9, 758, 'libre'),
(2199, 9, 759, 'libre'),
(2200, 9, 760, 'libre'),
(2201, 9, 761, 'libre'),
(2202, 9, 762, 'libre'),
(2203, 9, 763, 'libre'),
(2204, 9, 764, 'libre'),
(2205, 9, 765, 'libre'),
(2206, 9, 766, 'libre'),
(2207, 9, 767, 'libre'),
(2208, 9, 768, 'libre'),
(2209, 9, 769, 'libre'),
(2210, 9, 770, 'libre'),
(2296, 10, 771, 'libre'),
(2297, 10, 772, 'libre'),
(2298, 10, 773, 'libre'),
(2299, 10, 774, 'libre'),
(2300, 10, 775, 'libre'),
(2301, 10, 776, 'libre'),
(2302, 10, 777, 'libre'),
(2303, 10, 778, 'libre'),
(2304, 10, 779, 'libre'),
(2305, 10, 780, 'libre'),
(2306, 10, 781, 'libre'),
(2307, 10, 782, 'libre'),
(2308, 10, 783, 'libre'),
(2309, 10, 784, 'libre'),
(2310, 10, 785, 'libre'),
(2311, 10, 786, 'libre'),
(2312, 10, 787, 'libre'),
(2313, 10, 788, 'libre'),
(2314, 10, 789, 'libre'),
(2315, 10, 790, 'libre'),
(2316, 10, 791, 'libre'),
(2317, 10, 792, 'libre'),
(2318, 10, 793, 'libre'),
(2319, 10, 794, 'libre'),
(2320, 10, 795, 'libre'),
(2321, 10, 796, 'libre'),
(2322, 10, 797, 'libre'),
(2323, 10, 798, 'libre'),
(2324, 10, 799, 'libre'),
(2325, 10, 800, 'libre'),
(2326, 10, 801, 'libre'),
(2327, 10, 802, 'libre'),
(2328, 10, 803, 'libre'),
(2329, 10, 804, 'libre'),
(2330, 10, 805, 'libre'),
(2331, 10, 806, 'libre'),
(2332, 10, 807, 'libre'),
(2333, 10, 808, 'libre'),
(2334, 10, 809, 'libre'),
(2335, 10, 810, 'libre'),
(2336, 10, 811, 'libre'),
(2337, 10, 812, 'libre'),
(2338, 10, 813, 'libre'),
(2339, 10, 814, 'libre'),
(2340, 10, 815, 'libre'),
(2341, 10, 816, 'libre'),
(2342, 10, 817, 'libre'),
(2343, 10, 818, 'libre'),
(2344, 10, 819, 'libre'),
(2345, 10, 820, 'libre'),
(2346, 10, 821, 'libre'),
(2347, 10, 822, 'libre'),
(2348, 10, 823, 'libre'),
(2349, 10, 824, 'libre'),
(2350, 10, 825, 'libre'),
(2351, 10, 826, 'libre'),
(2352, 10, 827, 'libre'),
(2353, 10, 828, 'libre'),
(2354, 10, 829, 'libre'),
(2355, 10, 830, 'libre'),
(2356, 10, 831, 'libre'),
(2357, 10, 832, 'libre'),
(2358, 10, 833, 'libre'),
(2359, 10, 834, 'libre'),
(2360, 10, 835, 'libre'),
(2361, 10, 836, 'libre'),
(2362, 10, 837, 'libre'),
(2363, 10, 838, 'libre'),
(2364, 10, 839, 'libre'),
(2365, 10, 840, 'libre'),
(2366, 10, 841, 'libre'),
(2367, 10, 842, 'libre'),
(2368, 10, 843, 'libre'),
(2369, 10, 844, 'libre'),
(2370, 10, 845, 'libre'),
(2371, 10, 846, 'libre'),
(2372, 10, 847, 'libre'),
(2373, 10, 848, 'libre'),
(2374, 10, 849, 'libre'),
(2375, 10, 850, 'libre'),
(2376, 10, 851, 'libre'),
(2377, 10, 852, 'libre'),
(2378, 10, 853, 'libre'),
(2379, 10, 854, 'libre'),
(2380, 10, 855, 'libre'),
(2381, 10, 856, 'libre'),
(2382, 10, 857, 'libre'),
(2383, 10, 858, 'libre'),
(2384, 10, 859, 'libre'),
(2385, 10, 860, 'libre'),
(2386, 10, 861, 'libre'),
(2387, 10, 862, 'libre'),
(2388, 10, 863, 'libre'),
(2389, 10, 864, 'libre'),
(2390, 10, 865, 'libre'),
(2391, 10, 866, 'libre'),
(2392, 10, 867, 'libre'),
(2393, 10, 868, 'libre'),
(2394, 10, 869, 'libre'),
(2395, 10, 870, 'libre'),
(2396, 10, 871, 'libre'),
(2397, 10, 872, 'libre'),
(2398, 10, 873, 'libre'),
(2399, 10, 874, 'libre'),
(2400, 10, 875, 'libre'),
(2401, 10, 876, 'libre'),
(2402, 10, 877, 'libre'),
(2403, 10, 878, 'libre'),
(2404, 10, 879, 'libre'),
(2405, 10, 880, 'libre'),
(2406, 10, 881, 'libre'),
(2407, 10, 882, 'libre'),
(2408, 10, 883, 'libre'),
(2409, 10, 884, 'libre'),
(2410, 10, 885, 'libre'),
(2411, 10, 886, 'libre'),
(2412, 10, 887, 'libre'),
(2413, 10, 888, 'libre'),
(2414, 10, 889, 'libre'),
(2415, 10, 890, 'libre'),
(2416, 10, 891, 'libre'),
(2417, 10, 892, 'libre'),
(2418, 10, 893, 'libre'),
(2419, 10, 894, 'libre'),
(2420, 10, 895, 'libre'),
(2421, 10, 896, 'libre'),
(2422, 10, 897, 'libre'),
(2423, 10, 898, 'libre'),
(2424, 10, 899, 'libre'),
(2425, 10, 900, 'libre'),
(2426, 10, 901, 'libre'),
(2427, 10, 902, 'libre'),
(2428, 10, 903, 'libre'),
(2429, 10, 904, 'libre'),
(2430, 10, 905, 'libre'),
(2431, 10, 906, 'libre'),
(2432, 10, 907, 'libre'),
(2433, 10, 908, 'libre'),
(2434, 10, 909, 'libre'),
(2435, 10, 910, 'libre'),
(2436, 10, 911, 'libre'),
(2437, 10, 912, 'libre'),
(2438, 10, 913, 'libre'),
(2439, 10, 914, 'libre'),
(2440, 10, 915, 'libre'),
(2441, 10, 916, 'libre'),
(2442, 10, 917, 'libre'),
(2443, 10, 918, 'libre'),
(2444, 10, 919, 'libre'),
(2445, 10, 920, 'libre'),
(2446, 10, 921, 'libre'),
(2447, 10, 922, 'libre'),
(2448, 10, 923, 'libre'),
(2449, 10, 924, 'libre'),
(2450, 10, 925, 'libre'),
(2451, 10, 926, 'libre'),
(2452, 10, 927, 'libre'),
(2453, 10, 928, 'libre'),
(2454, 10, 929, 'libre'),
(2455, 10, 930, 'libre'),
(2456, 10, 931, 'libre'),
(2457, 10, 932, 'libre'),
(2458, 10, 933, 'libre'),
(2459, 10, 934, 'libre'),
(2460, 10, 935, 'libre'),
(2461, 10, 936, 'libre'),
(2462, 10, 937, 'libre'),
(2463, 10, 938, 'libre'),
(2464, 10, 939, 'libre'),
(2465, 10, 940, 'libre'),
(2466, 10, 941, 'libre'),
(2467, 10, 942, 'libre'),
(2468, 10, 943, 'libre'),
(2469, 10, 944, 'libre'),
(2470, 10, 945, 'libre'),
(2471, 10, 946, 'libre'),
(2472, 10, 947, 'libre'),
(2473, 10, 948, 'libre'),
(2474, 10, 949, 'libre'),
(2475, 10, 950, 'libre'),
(2476, 10, 951, 'libre'),
(2477, 10, 952, 'libre'),
(2478, 10, 953, 'libre'),
(2479, 10, 954, 'libre'),
(2480, 10, 955, 'libre'),
(2481, 10, 956, 'libre'),
(2482, 10, 957, 'libre'),
(2483, 10, 958, 'libre'),
(2484, 10, 959, 'libre'),
(2485, 10, 960, 'libre'),
(2486, 10, 961, 'libre'),
(2487, 10, 962, 'libre'),
(2488, 10, 963, 'libre'),
(2489, 10, 964, 'libre'),
(2490, 10, 965, 'libre'),
(2491, 10, 966, 'libre'),
(2492, 10, 967, 'libre'),
(2493, 10, 968, 'libre'),
(2494, 10, 969, 'libre'),
(2495, 10, 970, 'libre'),
(2496, 10, 971, 'libre'),
(2497, 10, 972, 'libre'),
(2498, 10, 973, 'libre'),
(2499, 10, 974, 'libre'),
(2500, 10, 975, 'libre'),
(2501, 10, 976, 'libre'),
(2502, 10, 977, 'libre'),
(2503, 10, 978, 'libre'),
(2504, 10, 979, 'libre'),
(2505, 10, 980, 'libre'),
(2551, 11, 1, 'libre'),
(2552, 11, 2, 'libre'),
(2553, 11, 3, 'libre'),
(2554, 11, 4, 'libre'),
(2555, 11, 5, 'libre'),
(2556, 11, 6, 'libre'),
(2557, 11, 7, 'libre'),
(2558, 11, 8, 'libre'),
(2559, 11, 9, 'libre'),
(2560, 11, 10, 'libre'),
(2561, 11, 11, 'libre'),
(2562, 11, 12, 'libre'),
(2563, 11, 13, 'libre'),
(2564, 11, 14, 'libre'),
(2565, 11, 15, 'libre'),
(2566, 11, 16, 'libre'),
(2567, 11, 17, 'libre'),
(2568, 11, 18, 'libre'),
(2569, 11, 19, 'libre'),
(2570, 11, 20, 'libre'),
(2571, 11, 21, 'libre'),
(2572, 11, 22, 'libre'),
(2573, 11, 23, 'libre'),
(2574, 11, 24, 'libre'),
(2575, 11, 25, 'libre'),
(2576, 11, 26, 'libre'),
(2577, 11, 27, 'libre'),
(2578, 11, 28, 'libre'),
(2579, 11, 29, 'libre'),
(2580, 11, 30, 'libre'),
(2581, 11, 31, 'libre'),
(2582, 11, 32, 'libre'),
(2583, 11, 33, 'libre'),
(2584, 11, 34, 'libre'),
(2585, 11, 35, 'libre'),
(2586, 11, 36, 'libre'),
(2587, 11, 37, 'libre'),
(2588, 11, 38, 'libre'),
(2589, 11, 39, 'libre'),
(2590, 11, 40, 'libre'),
(2591, 11, 41, 'libre'),
(2592, 11, 42, 'libre'),
(2593, 11, 43, 'libre'),
(2594, 11, 44, 'libre'),
(2595, 11, 45, 'libre'),
(2596, 11, 46, 'libre'),
(2597, 11, 47, 'libre'),
(2598, 11, 48, 'libre'),
(2599, 11, 49, 'libre'),
(2600, 11, 50, 'libre'),
(2601, 11, 51, 'libre'),
(2602, 11, 52, 'libre'),
(2603, 11, 53, 'libre'),
(2604, 11, 54, 'libre'),
(2605, 11, 55, 'libre'),
(2606, 11, 56, 'libre'),
(2607, 11, 57, 'libre'),
(2608, 11, 58, 'libre'),
(2609, 11, 59, 'libre'),
(2610, 11, 60, 'libre'),
(2611, 11, 61, 'libre'),
(2612, 11, 62, 'libre'),
(2613, 11, 63, 'libre'),
(2614, 11, 64, 'libre'),
(2615, 11, 65, 'libre'),
(2616, 11, 66, 'libre'),
(2617, 11, 67, 'libre'),
(2618, 11, 68, 'libre'),
(2619, 11, 69, 'libre'),
(2620, 11, 70, 'libre'),
(2621, 11, 71, 'libre'),
(2622, 11, 72, 'libre'),
(2623, 11, 73, 'libre'),
(2624, 11, 74, 'libre'),
(2625, 11, 75, 'libre'),
(2626, 11, 76, 'libre'),
(2627, 11, 77, 'libre'),
(2628, 11, 78, 'libre'),
(2629, 11, 79, 'libre'),
(2630, 11, 80, 'libre'),
(2631, 11, 81, 'libre'),
(2632, 11, 82, 'libre'),
(2633, 11, 83, 'libre'),
(2634, 11, 84, 'libre'),
(2635, 11, 85, 'libre'),
(2636, 11, 86, 'libre'),
(2637, 11, 87, 'libre'),
(2638, 11, 88, 'libre'),
(2639, 11, 89, 'libre'),
(2640, 11, 90, 'libre'),
(2641, 11, 91, 'libre'),
(2642, 11, 92, 'libre'),
(2643, 11, 93, 'libre'),
(2644, 11, 94, 'libre'),
(2645, 11, 95, 'libre'),
(2646, 11, 96, 'libre'),
(2647, 11, 97, 'libre'),
(2648, 11, 98, 'libre'),
(2649, 11, 99, 'libre'),
(2650, 11, 100, 'libre'),
(2651, 11, 101, 'libre'),
(2652, 11, 102, 'libre'),
(2653, 11, 103, 'libre'),
(2654, 11, 104, 'libre'),
(2655, 11, 105, 'libre'),
(2656, 11, 106, 'libre'),
(2657, 11, 107, 'libre'),
(2658, 11, 108, 'libre'),
(2659, 11, 109, 'libre'),
(2660, 11, 110, 'libre'),
(2661, 11, 111, 'libre'),
(2662, 11, 112, 'libre'),
(2663, 11, 113, 'libre'),
(2664, 11, 114, 'libre'),
(2665, 11, 115, 'libre'),
(2666, 11, 116, 'libre'),
(2667, 11, 117, 'libre'),
(2668, 11, 118, 'libre'),
(2669, 11, 119, 'libre'),
(2670, 11, 120, 'libre'),
(2671, 11, 121, 'libre'),
(2672, 11, 122, 'libre'),
(2673, 11, 123, 'libre'),
(2674, 11, 124, 'libre'),
(2675, 11, 125, 'libre'),
(2676, 11, 126, 'libre'),
(2677, 11, 127, 'libre'),
(2678, 11, 128, 'libre'),
(2679, 11, 129, 'libre'),
(2680, 11, 130, 'libre'),
(2681, 11, 131, 'libre'),
(2682, 11, 132, 'libre'),
(2683, 11, 133, 'libre'),
(2684, 11, 134, 'libre'),
(2685, 11, 135, 'libre'),
(2686, 11, 136, 'libre'),
(2687, 11, 137, 'libre'),
(2688, 11, 138, 'libre'),
(2689, 11, 139, 'libre'),
(2690, 11, 140, 'libre'),
(2691, 11, 141, 'libre'),
(2692, 11, 142, 'libre'),
(2693, 11, 143, 'libre'),
(2694, 11, 144, 'libre'),
(2695, 11, 145, 'libre'),
(2696, 11, 146, 'libre'),
(2697, 11, 147, 'libre'),
(2698, 11, 148, 'libre'),
(2699, 11, 149, 'libre'),
(2700, 11, 150, 'libre'),
(2701, 11, 151, 'libre'),
(2702, 11, 152, 'libre'),
(2703, 11, 153, 'libre'),
(2704, 11, 154, 'libre'),
(2705, 11, 155, 'libre'),
(2706, 11, 156, 'libre'),
(2707, 11, 157, 'libre'),
(2708, 11, 158, 'libre'),
(2709, 11, 159, 'libre'),
(2710, 11, 160, 'libre'),
(2711, 11, 161, 'libre'),
(2712, 11, 162, 'libre'),
(2713, 11, 163, 'libre'),
(2714, 11, 164, 'libre'),
(2715, 11, 165, 'libre'),
(2716, 11, 166, 'libre'),
(2717, 11, 167, 'libre'),
(2718, 11, 168, 'libre'),
(2719, 11, 169, 'libre'),
(2720, 11, 170, 'libre'),
(2721, 11, 171, 'libre'),
(2722, 11, 172, 'libre'),
(2723, 11, 173, 'libre'),
(2724, 11, 174, 'libre'),
(2725, 11, 175, 'libre'),
(2726, 11, 176, 'libre'),
(2727, 11, 177, 'libre'),
(2728, 11, 178, 'libre'),
(2729, 11, 179, 'libre'),
(2730, 11, 180, 'libre'),
(2731, 11, 181, 'libre'),
(2732, 11, 182, 'libre'),
(2733, 11, 183, 'libre'),
(2734, 11, 184, 'libre'),
(2735, 11, 185, 'libre'),
(2736, 11, 186, 'libre'),
(2737, 11, 187, 'libre'),
(2738, 11, 188, 'libre'),
(2739, 11, 189, 'libre'),
(2740, 11, 190, 'libre'),
(2741, 11, 191, 'libre'),
(2742, 11, 192, 'libre'),
(2743, 11, 193, 'libre'),
(2744, 11, 194, 'libre'),
(2745, 11, 195, 'libre'),
(2746, 11, 196, 'libre'),
(2747, 11, 197, 'libre'),
(2748, 11, 198, 'libre'),
(2749, 11, 199, 'libre'),
(2750, 11, 200, 'libre'),
(2806, 12, 201, 'libre'),
(2807, 12, 202, 'libre'),
(2808, 12, 203, 'libre'),
(2809, 12, 204, 'libre'),
(2810, 12, 205, 'libre'),
(2811, 12, 206, 'libre'),
(2812, 12, 207, 'libre'),
(2813, 12, 208, 'libre'),
(2814, 12, 209, 'libre'),
(2815, 12, 210, 'libre'),
(2816, 12, 211, 'libre'),
(2817, 12, 212, 'libre'),
(2818, 12, 213, 'libre'),
(2819, 12, 214, 'libre'),
(2820, 12, 215, 'libre'),
(2821, 12, 216, 'libre'),
(2822, 12, 217, 'libre'),
(2823, 12, 218, 'libre'),
(2824, 12, 219, 'libre'),
(2825, 12, 220, 'libre'),
(2826, 12, 221, 'libre'),
(2827, 12, 222, 'libre'),
(2828, 12, 223, 'libre'),
(2829, 12, 224, 'libre'),
(2830, 12, 225, 'libre'),
(2831, 12, 226, 'libre'),
(2832, 12, 227, 'libre'),
(2833, 12, 228, 'libre'),
(2834, 12, 229, 'libre'),
(2835, 12, 230, 'libre'),
(2836, 12, 231, 'libre'),
(2837, 12, 232, 'libre'),
(2838, 12, 233, 'libre'),
(2839, 12, 234, 'libre'),
(2840, 12, 235, 'libre'),
(2841, 12, 236, 'libre'),
(2842, 12, 237, 'libre'),
(2843, 12, 238, 'libre'),
(2844, 12, 239, 'libre'),
(2845, 12, 240, 'libre'),
(2846, 12, 241, 'libre'),
(2847, 12, 242, 'libre');
INSERT INTO `lugar` (`idLugar`, `idProyeccion`, `idAsiento`, `estado`) VALUES
(2848, 12, 243, 'libre'),
(2849, 12, 244, 'libre'),
(2850, 12, 245, 'libre'),
(2851, 12, 246, 'libre'),
(2852, 12, 247, 'libre'),
(2853, 12, 248, 'libre'),
(2854, 12, 249, 'libre'),
(2855, 12, 250, 'libre'),
(2856, 12, 251, 'libre'),
(2857, 12, 252, 'libre'),
(2858, 12, 253, 'libre'),
(2859, 12, 254, 'libre'),
(2860, 12, 255, 'libre'),
(2861, 12, 256, 'libre'),
(2862, 12, 257, 'libre'),
(2863, 12, 258, 'libre'),
(2864, 12, 259, 'libre'),
(2865, 12, 260, 'libre'),
(2866, 12, 261, 'libre'),
(2867, 12, 262, 'libre'),
(2868, 12, 263, 'libre'),
(2869, 12, 264, 'libre'),
(2870, 12, 265, 'libre'),
(2871, 12, 266, 'libre'),
(2872, 12, 267, 'libre'),
(2873, 12, 268, 'libre'),
(2874, 12, 269, 'libre'),
(2875, 12, 270, 'libre'),
(2876, 12, 271, 'libre'),
(2877, 12, 272, 'libre'),
(2878, 12, 273, 'libre'),
(2879, 12, 274, 'libre'),
(2880, 12, 275, 'libre'),
(2881, 12, 276, 'libre'),
(2882, 12, 277, 'libre'),
(2883, 12, 278, 'libre'),
(2884, 12, 279, 'libre'),
(2885, 12, 280, 'libre'),
(2886, 12, 281, 'libre'),
(2887, 12, 282, 'libre'),
(2888, 12, 283, 'libre'),
(2889, 12, 284, 'libre'),
(2890, 12, 285, 'libre'),
(2891, 12, 286, 'libre'),
(2892, 12, 287, 'libre'),
(2893, 12, 288, 'libre'),
(2894, 12, 289, 'libre'),
(2895, 12, 290, 'libre'),
(2896, 12, 291, 'libre'),
(2897, 12, 292, 'libre'),
(2898, 12, 293, 'libre'),
(2899, 12, 294, 'libre'),
(2900, 12, 295, 'libre'),
(2901, 12, 296, 'libre'),
(2902, 12, 297, 'libre'),
(2903, 12, 298, 'libre'),
(2904, 12, 299, 'libre'),
(2905, 12, 300, 'libre'),
(2906, 12, 301, 'libre'),
(2907, 12, 302, 'libre'),
(2908, 12, 303, 'libre'),
(2909, 12, 304, 'libre'),
(2910, 12, 305, 'libre'),
(2911, 12, 306, 'libre'),
(2912, 12, 307, 'libre'),
(2913, 12, 308, 'libre'),
(2914, 12, 309, 'libre'),
(2915, 12, 310, 'libre'),
(2916, 12, 311, 'libre'),
(2917, 12, 312, 'libre'),
(2918, 12, 313, 'libre'),
(2919, 12, 314, 'libre'),
(2920, 12, 315, 'libre'),
(2921, 12, 316, 'libre'),
(2922, 12, 317, 'libre'),
(2923, 12, 318, 'libre'),
(2924, 12, 319, 'libre'),
(2925, 12, 320, 'libre'),
(2926, 12, 321, 'libre'),
(2927, 12, 322, 'libre'),
(2928, 12, 323, 'libre'),
(2929, 12, 324, 'libre'),
(2930, 12, 325, 'libre'),
(2931, 12, 326, 'libre'),
(2932, 12, 327, 'libre'),
(2933, 12, 328, 'libre'),
(2934, 12, 329, 'libre'),
(2935, 12, 330, 'libre'),
(2936, 12, 331, 'libre'),
(2937, 12, 332, 'libre'),
(2938, 12, 333, 'libre'),
(2939, 12, 334, 'libre'),
(2940, 12, 335, 'libre'),
(2941, 12, 336, 'libre'),
(2942, 12, 337, 'libre'),
(2943, 12, 338, 'libre'),
(2944, 12, 339, 'libre'),
(2945, 12, 340, 'libre'),
(2946, 12, 341, 'libre'),
(2947, 12, 342, 'libre'),
(2948, 12, 343, 'libre'),
(2949, 12, 344, 'libre'),
(2950, 12, 345, 'libre'),
(2951, 12, 346, 'libre'),
(2952, 12, 347, 'libre'),
(2953, 12, 348, 'libre'),
(2954, 12, 349, 'libre'),
(2955, 12, 350, 'libre'),
(2956, 12, 351, 'libre'),
(2957, 12, 352, 'libre'),
(2958, 12, 353, 'libre'),
(2959, 12, 354, 'libre'),
(2960, 12, 355, 'libre'),
(2961, 12, 356, 'libre'),
(2962, 12, 357, 'libre'),
(2963, 12, 358, 'libre'),
(2964, 12, 359, 'libre'),
(2965, 12, 360, 'libre'),
(2966, 12, 361, 'libre'),
(2967, 12, 362, 'libre'),
(2968, 12, 363, 'libre'),
(2969, 12, 364, 'libre'),
(2970, 12, 365, 'libre'),
(2971, 12, 366, 'libre'),
(2972, 12, 367, 'libre'),
(2973, 12, 368, 'libre'),
(2974, 12, 369, 'libre'),
(2975, 12, 370, 'libre'),
(2976, 12, 371, 'libre'),
(2977, 12, 372, 'libre'),
(2978, 12, 373, 'libre'),
(2979, 12, 374, 'libre'),
(2980, 12, 375, 'libre'),
(2981, 12, 376, 'libre'),
(2982, 12, 377, 'libre'),
(2983, 12, 378, 'libre'),
(2984, 12, 379, 'libre'),
(2985, 12, 380, 'libre'),
(3061, 13, 381, 'libre'),
(3062, 13, 382, 'libre'),
(3063, 13, 383, 'libre'),
(3064, 13, 384, 'libre'),
(3065, 13, 385, 'libre'),
(3066, 13, 386, 'libre'),
(3067, 13, 387, 'libre'),
(3068, 13, 388, 'libre'),
(3069, 13, 389, 'libre'),
(3070, 13, 390, 'libre'),
(3071, 13, 391, 'libre'),
(3072, 13, 392, 'libre'),
(3073, 13, 393, 'libre'),
(3074, 13, 394, 'libre'),
(3075, 13, 395, 'libre'),
(3076, 13, 396, 'libre'),
(3077, 13, 397, 'libre'),
(3078, 13, 398, 'libre'),
(3079, 13, 399, 'libre'),
(3080, 13, 400, 'libre'),
(3081, 13, 401, 'libre'),
(3082, 13, 402, 'libre'),
(3083, 13, 403, 'libre'),
(3084, 13, 404, 'libre'),
(3085, 13, 405, 'libre'),
(3086, 13, 406, 'libre'),
(3087, 13, 407, 'libre'),
(3088, 13, 408, 'libre'),
(3089, 13, 409, 'libre'),
(3090, 13, 410, 'libre'),
(3091, 13, 411, 'libre'),
(3092, 13, 412, 'libre'),
(3093, 13, 413, 'libre'),
(3094, 13, 414, 'libre'),
(3095, 13, 415, 'libre'),
(3096, 13, 416, 'libre'),
(3097, 13, 417, 'libre'),
(3098, 13, 418, 'libre'),
(3099, 13, 419, 'libre'),
(3100, 13, 420, 'libre'),
(3101, 13, 421, 'libre'),
(3102, 13, 422, 'libre'),
(3103, 13, 423, 'libre'),
(3104, 13, 424, 'libre'),
(3105, 13, 425, 'libre'),
(3106, 13, 426, 'libre'),
(3107, 13, 427, 'libre'),
(3108, 13, 428, 'libre'),
(3109, 13, 429, 'libre'),
(3110, 13, 430, 'libre'),
(3111, 13, 431, 'libre'),
(3112, 13, 432, 'libre'),
(3113, 13, 433, 'libre'),
(3114, 13, 434, 'libre'),
(3115, 13, 435, 'libre'),
(3116, 13, 436, 'libre'),
(3117, 13, 437, 'libre'),
(3118, 13, 438, 'libre'),
(3119, 13, 439, 'libre'),
(3120, 13, 440, 'libre'),
(3121, 13, 441, 'libre'),
(3122, 13, 442, 'libre'),
(3123, 13, 443, 'libre'),
(3124, 13, 444, 'libre'),
(3125, 13, 445, 'libre'),
(3126, 13, 446, 'libre'),
(3127, 13, 447, 'libre'),
(3128, 13, 448, 'ocupado'),
(3129, 13, 449, 'ocupado'),
(3130, 13, 450, 'ocupado'),
(3131, 13, 451, 'ocupado'),
(3132, 13, 452, 'libre'),
(3133, 13, 453, 'libre'),
(3134, 13, 454, 'libre'),
(3135, 13, 455, 'libre'),
(3136, 13, 456, 'libre'),
(3137, 13, 457, 'libre'),
(3138, 13, 458, 'libre'),
(3139, 13, 459, 'libre'),
(3140, 13, 460, 'libre'),
(3141, 13, 461, 'libre'),
(3142, 13, 462, 'libre'),
(3143, 13, 463, 'libre'),
(3144, 13, 464, 'libre'),
(3145, 13, 465, 'libre'),
(3146, 13, 466, 'libre'),
(3147, 13, 467, 'libre'),
(3148, 13, 468, 'libre'),
(3149, 13, 469, 'libre'),
(3150, 13, 470, 'libre'),
(3151, 13, 471, 'libre'),
(3152, 13, 472, 'libre'),
(3153, 13, 473, 'libre'),
(3154, 13, 474, 'libre'),
(3155, 13, 475, 'libre'),
(3156, 13, 476, 'libre'),
(3157, 13, 477, 'libre'),
(3158, 13, 478, 'libre'),
(3159, 13, 479, 'libre'),
(3160, 13, 480, 'libre'),
(3161, 13, 481, 'libre'),
(3162, 13, 482, 'libre'),
(3163, 13, 483, 'libre'),
(3164, 13, 484, 'libre'),
(3165, 13, 485, 'libre'),
(3166, 13, 486, 'libre'),
(3167, 13, 487, 'libre'),
(3168, 13, 488, 'libre'),
(3169, 13, 489, 'libre'),
(3170, 13, 490, 'libre'),
(3171, 13, 491, 'libre'),
(3172, 13, 492, 'libre'),
(3173, 13, 493, 'libre'),
(3174, 13, 494, 'libre'),
(3175, 13, 495, 'libre'),
(3176, 13, 496, 'libre'),
(3177, 13, 497, 'libre'),
(3178, 13, 498, 'libre'),
(3179, 13, 499, 'libre'),
(3180, 13, 500, 'libre'),
(3181, 13, 501, 'libre'),
(3182, 13, 502, 'libre'),
(3183, 13, 503, 'libre'),
(3184, 13, 504, 'libre'),
(3185, 13, 505, 'libre'),
(3186, 13, 506, 'libre'),
(3187, 13, 507, 'libre'),
(3188, 13, 508, 'libre'),
(3189, 13, 509, 'libre'),
(3190, 13, 510, 'libre'),
(3191, 13, 511, 'libre'),
(3192, 13, 512, 'libre'),
(3193, 13, 513, 'libre'),
(3194, 13, 514, 'libre'),
(3195, 13, 515, 'libre'),
(3196, 13, 516, 'libre'),
(3197, 13, 517, 'libre'),
(3198, 13, 518, 'libre'),
(3199, 13, 519, 'libre'),
(3200, 13, 520, 'libre'),
(3201, 13, 521, 'libre'),
(3202, 13, 522, 'libre'),
(3203, 13, 523, 'libre'),
(3204, 13, 524, 'libre'),
(3205, 13, 525, 'libre'),
(3206, 13, 526, 'libre'),
(3207, 13, 527, 'libre'),
(3208, 13, 528, 'libre'),
(3209, 13, 529, 'libre'),
(3210, 13, 530, 'libre'),
(3211, 13, 531, 'libre'),
(3212, 13, 532, 'libre'),
(3213, 13, 533, 'libre'),
(3214, 13, 534, 'libre'),
(3215, 13, 535, 'libre'),
(3216, 13, 536, 'libre'),
(3217, 13, 537, 'libre'),
(3218, 13, 538, 'libre'),
(3219, 13, 539, 'libre'),
(3220, 13, 540, 'libre'),
(3221, 13, 541, 'libre'),
(3222, 13, 542, 'libre'),
(3223, 13, 543, 'libre'),
(3224, 13, 544, 'libre'),
(3225, 13, 545, 'libre'),
(3226, 13, 546, 'libre'),
(3227, 13, 547, 'libre'),
(3228, 13, 548, 'libre'),
(3229, 13, 549, 'libre'),
(3230, 13, 550, 'libre'),
(3231, 13, 551, 'libre'),
(3232, 13, 552, 'libre'),
(3233, 13, 553, 'libre'),
(3234, 13, 554, 'libre'),
(3235, 13, 555, 'libre'),
(3236, 13, 556, 'libre'),
(3237, 13, 557, 'libre'),
(3238, 13, 558, 'libre'),
(3239, 13, 559, 'libre'),
(3240, 13, 560, 'libre'),
(3241, 13, 561, 'libre'),
(3242, 13, 562, 'libre'),
(3243, 13, 563, 'libre'),
(3244, 13, 564, 'libre'),
(3245, 13, 565, 'libre'),
(3246, 13, 566, 'libre'),
(3247, 13, 567, 'libre'),
(3248, 13, 568, 'libre'),
(3249, 13, 569, 'libre'),
(3250, 13, 570, 'libre'),
(3251, 13, 571, 'libre'),
(3252, 13, 572, 'libre'),
(3253, 13, 573, 'libre'),
(3254, 13, 574, 'libre'),
(3255, 13, 575, 'libre'),
(3256, 13, 576, 'libre'),
(3257, 13, 577, 'libre'),
(3258, 13, 578, 'libre'),
(3259, 13, 579, 'libre'),
(3260, 13, 580, 'libre'),
(3261, 13, 581, 'libre'),
(3262, 13, 582, 'libre'),
(3263, 13, 583, 'libre'),
(3264, 13, 584, 'libre'),
(3265, 13, 585, 'libre'),
(3266, 13, 586, 'libre'),
(3267, 13, 587, 'libre'),
(3268, 13, 588, 'libre'),
(3269, 13, 589, 'libre'),
(3270, 13, 590, 'libre'),
(3271, 13, 591, 'libre'),
(3272, 13, 592, 'libre'),
(3273, 13, 593, 'libre'),
(3274, 13, 594, 'libre'),
(3275, 13, 595, 'libre'),
(3276, 13, 596, 'libre'),
(3277, 13, 597, 'libre'),
(3278, 13, 598, 'libre'),
(3279, 13, 599, 'libre'),
(3280, 13, 600, 'libre'),
(3316, 14, 771, 'libre'),
(3317, 14, 772, 'libre'),
(3318, 14, 773, 'libre'),
(3319, 14, 774, 'libre'),
(3320, 14, 775, 'libre'),
(3321, 14, 776, 'libre'),
(3322, 14, 777, 'libre'),
(3323, 14, 778, 'libre'),
(3324, 14, 779, 'libre'),
(3325, 14, 780, 'libre'),
(3326, 14, 781, 'libre'),
(3327, 14, 782, 'libre'),
(3328, 14, 783, 'libre'),
(3329, 14, 784, 'libre'),
(3330, 14, 785, 'libre'),
(3331, 14, 786, 'libre'),
(3332, 14, 787, 'libre'),
(3333, 14, 788, 'libre'),
(3334, 14, 789, 'libre'),
(3335, 14, 790, 'libre'),
(3336, 14, 791, 'libre'),
(3337, 14, 792, 'libre'),
(3338, 14, 793, 'libre'),
(3339, 14, 794, 'libre'),
(3340, 14, 795, 'libre'),
(3341, 14, 796, 'libre'),
(3342, 14, 797, 'libre'),
(3343, 14, 798, 'libre'),
(3344, 14, 799, 'libre'),
(3345, 14, 800, 'libre'),
(3346, 14, 801, 'libre'),
(3347, 14, 802, 'libre'),
(3348, 14, 803, 'libre'),
(3349, 14, 804, 'libre'),
(3350, 14, 805, 'libre'),
(3351, 14, 806, 'libre'),
(3352, 14, 807, 'libre'),
(3353, 14, 808, 'libre'),
(3354, 14, 809, 'libre'),
(3355, 14, 810, 'libre'),
(3356, 14, 811, 'libre'),
(3357, 14, 812, 'libre'),
(3358, 14, 813, 'libre'),
(3359, 14, 814, 'libre'),
(3360, 14, 815, 'libre'),
(3361, 14, 816, 'libre'),
(3362, 14, 817, 'libre'),
(3363, 14, 818, 'libre'),
(3364, 14, 819, 'libre'),
(3365, 14, 820, 'libre'),
(3366, 14, 821, 'libre'),
(3367, 14, 822, 'libre'),
(3368, 14, 823, 'libre'),
(3369, 14, 824, 'libre'),
(3370, 14, 825, 'libre'),
(3371, 14, 826, 'libre'),
(3372, 14, 827, 'libre'),
(3373, 14, 828, 'libre'),
(3374, 14, 829, 'libre'),
(3375, 14, 830, 'libre'),
(3376, 14, 831, 'libre'),
(3377, 14, 832, 'libre'),
(3378, 14, 833, 'libre'),
(3379, 14, 834, 'libre'),
(3380, 14, 835, 'libre'),
(3381, 14, 836, 'libre'),
(3382, 14, 837, 'libre'),
(3383, 14, 838, 'libre'),
(3384, 14, 839, 'libre'),
(3385, 14, 840, 'libre'),
(3386, 14, 841, 'libre'),
(3387, 14, 842, 'libre'),
(3388, 14, 843, 'libre'),
(3389, 14, 844, 'libre'),
(3390, 14, 845, 'libre'),
(3391, 14, 846, 'libre'),
(3392, 14, 847, 'libre'),
(3393, 14, 848, 'libre'),
(3394, 14, 849, 'libre'),
(3395, 14, 850, 'libre'),
(3396, 14, 851, 'libre'),
(3397, 14, 852, 'libre'),
(3398, 14, 853, 'libre'),
(3399, 14, 854, 'libre'),
(3400, 14, 855, 'libre'),
(3401, 14, 856, 'libre'),
(3402, 14, 857, 'libre'),
(3403, 14, 858, 'libre'),
(3404, 14, 859, 'libre'),
(3405, 14, 860, 'libre'),
(3406, 14, 861, 'libre'),
(3407, 14, 862, 'libre'),
(3408, 14, 863, 'libre'),
(3409, 14, 864, 'libre'),
(3410, 14, 865, 'libre'),
(3411, 14, 866, 'libre'),
(3412, 14, 867, 'libre'),
(3413, 14, 868, 'libre'),
(3414, 14, 869, 'libre'),
(3415, 14, 870, 'libre'),
(3416, 14, 871, 'libre'),
(3417, 14, 872, 'libre'),
(3418, 14, 873, 'libre'),
(3419, 14, 874, 'libre'),
(3420, 14, 875, 'libre'),
(3421, 14, 876, 'libre'),
(3422, 14, 877, 'libre'),
(3423, 14, 878, 'libre'),
(3424, 14, 879, 'libre'),
(3425, 14, 880, 'libre'),
(3426, 14, 881, 'libre'),
(3427, 14, 882, 'libre'),
(3428, 14, 883, 'libre'),
(3429, 14, 884, 'libre'),
(3430, 14, 885, 'libre'),
(3431, 14, 886, 'libre'),
(3432, 14, 887, 'libre'),
(3433, 14, 888, 'libre'),
(3434, 14, 889, 'libre'),
(3435, 14, 890, 'libre'),
(3436, 14, 891, 'libre'),
(3437, 14, 892, 'libre'),
(3438, 14, 893, 'libre'),
(3439, 14, 894, 'libre'),
(3440, 14, 895, 'libre'),
(3441, 14, 896, 'libre'),
(3442, 14, 897, 'libre'),
(3443, 14, 898, 'libre'),
(3444, 14, 899, 'libre'),
(3445, 14, 900, 'libre'),
(3446, 14, 901, 'libre'),
(3447, 14, 902, 'libre'),
(3448, 14, 903, 'libre'),
(3449, 14, 904, 'libre'),
(3450, 14, 905, 'libre'),
(3451, 14, 906, 'libre'),
(3452, 14, 907, 'libre'),
(3453, 14, 908, 'libre'),
(3454, 14, 909, 'libre'),
(3455, 14, 910, 'libre'),
(3456, 14, 911, 'libre'),
(3457, 14, 912, 'libre'),
(3458, 14, 913, 'libre'),
(3459, 14, 914, 'libre'),
(3460, 14, 915, 'libre'),
(3461, 14, 916, 'libre'),
(3462, 14, 917, 'libre'),
(3463, 14, 918, 'libre'),
(3464, 14, 919, 'libre'),
(3465, 14, 920, 'libre'),
(3466, 14, 921, 'libre'),
(3467, 14, 922, 'libre'),
(3468, 14, 923, 'libre'),
(3469, 14, 924, 'libre'),
(3470, 14, 925, 'libre'),
(3471, 14, 926, 'libre'),
(3472, 14, 927, 'libre'),
(3473, 14, 928, 'libre'),
(3474, 14, 929, 'libre'),
(3475, 14, 930, 'libre'),
(3476, 14, 931, 'libre'),
(3477, 14, 932, 'libre'),
(3478, 14, 933, 'libre'),
(3479, 14, 934, 'libre'),
(3480, 14, 935, 'libre'),
(3481, 14, 936, 'libre'),
(3482, 14, 937, 'libre'),
(3483, 14, 938, 'libre'),
(3484, 14, 939, 'libre'),
(3485, 14, 940, 'libre'),
(3486, 14, 941, 'libre'),
(3487, 14, 942, 'libre'),
(3488, 14, 943, 'libre'),
(3489, 14, 944, 'libre'),
(3490, 14, 945, 'libre'),
(3491, 14, 946, 'libre'),
(3492, 14, 947, 'libre'),
(3493, 14, 948, 'libre'),
(3494, 14, 949, 'libre'),
(3495, 14, 950, 'libre'),
(3496, 14, 951, 'libre'),
(3497, 14, 952, 'libre'),
(3498, 14, 953, 'libre'),
(3499, 14, 954, 'libre'),
(3500, 14, 955, 'libre'),
(3501, 14, 956, 'libre'),
(3502, 14, 957, 'libre'),
(3503, 14, 958, 'libre'),
(3504, 14, 959, 'libre'),
(3505, 14, 960, 'libre'),
(3506, 14, 961, 'libre'),
(3507, 14, 962, 'libre'),
(3508, 14, 963, 'libre'),
(3509, 14, 964, 'libre'),
(3510, 14, 965, 'libre'),
(3511, 14, 966, 'libre'),
(3512, 14, 967, 'libre'),
(3513, 14, 968, 'libre'),
(3514, 14, 969, 'libre'),
(3515, 14, 970, 'libre'),
(3516, 14, 971, 'libre'),
(3517, 14, 972, 'libre'),
(3518, 14, 973, 'libre'),
(3519, 14, 974, 'libre'),
(3520, 14, 975, 'libre'),
(3521, 14, 976, 'libre'),
(3522, 14, 977, 'libre'),
(3523, 14, 978, 'libre'),
(3524, 14, 979, 'libre'),
(3525, 14, 980, 'libre'),
(3571, 15, 601, 'libre'),
(3572, 15, 602, 'libre'),
(3573, 15, 603, 'libre'),
(3574, 15, 604, 'libre'),
(3575, 15, 605, 'libre'),
(3576, 15, 606, 'libre'),
(3577, 15, 607, 'libre'),
(3578, 15, 608, 'libre'),
(3579, 15, 609, 'libre'),
(3580, 15, 610, 'libre'),
(3581, 15, 611, 'libre'),
(3582, 15, 612, 'libre'),
(3583, 15, 613, 'libre'),
(3584, 15, 614, 'libre'),
(3585, 15, 615, 'libre'),
(3586, 15, 616, 'libre'),
(3587, 15, 617, 'libre'),
(3588, 15, 618, 'libre'),
(3589, 15, 619, 'libre'),
(3590, 15, 620, 'libre'),
(3591, 15, 621, 'libre'),
(3592, 15, 622, 'libre'),
(3593, 15, 623, 'libre'),
(3594, 15, 624, 'libre'),
(3595, 15, 625, 'libre'),
(3596, 15, 626, 'libre'),
(3597, 15, 627, 'libre'),
(3598, 15, 628, 'libre'),
(3599, 15, 629, 'libre'),
(3600, 15, 630, 'libre'),
(3601, 15, 631, 'libre'),
(3602, 15, 632, 'libre'),
(3603, 15, 633, 'libre'),
(3604, 15, 634, 'libre'),
(3605, 15, 635, 'libre'),
(3606, 15, 636, 'libre'),
(3607, 15, 637, 'libre'),
(3608, 15, 638, 'libre'),
(3609, 15, 639, 'libre'),
(3610, 15, 640, 'libre'),
(3611, 15, 641, 'libre'),
(3612, 15, 642, 'libre'),
(3613, 15, 643, 'libre'),
(3614, 15, 644, 'libre'),
(3615, 15, 645, 'libre'),
(3616, 15, 646, 'libre'),
(3617, 15, 647, 'libre'),
(3618, 15, 648, 'libre'),
(3619, 15, 649, 'libre'),
(3620, 15, 650, 'libre'),
(3621, 15, 651, 'libre'),
(3622, 15, 652, 'libre'),
(3623, 15, 653, 'libre'),
(3624, 15, 654, 'libre'),
(3625, 15, 655, 'libre'),
(3626, 15, 656, 'libre'),
(3627, 15, 657, 'libre'),
(3628, 15, 658, 'libre'),
(3629, 15, 659, 'libre'),
(3630, 15, 660, 'libre'),
(3631, 15, 661, 'libre'),
(3632, 15, 662, 'libre'),
(3633, 15, 663, 'libre'),
(3634, 15, 664, 'libre'),
(3635, 15, 665, 'libre'),
(3636, 15, 666, 'libre'),
(3637, 15, 667, 'libre'),
(3638, 15, 668, 'libre'),
(3639, 15, 669, 'libre'),
(3640, 15, 670, 'libre'),
(3641, 15, 671, 'libre'),
(3642, 15, 672, 'libre'),
(3643, 15, 673, 'libre'),
(3644, 15, 674, 'libre'),
(3645, 15, 675, 'libre'),
(3646, 15, 676, 'libre'),
(3647, 15, 677, 'libre'),
(3648, 15, 678, 'libre'),
(3649, 15, 679, 'libre'),
(3650, 15, 680, 'libre'),
(3651, 15, 681, 'libre'),
(3652, 15, 682, 'libre'),
(3653, 15, 683, 'libre'),
(3654, 15, 684, 'libre'),
(3655, 15, 685, 'libre'),
(3656, 15, 686, 'libre'),
(3657, 15, 687, 'libre'),
(3658, 15, 688, 'libre'),
(3659, 15, 689, 'libre'),
(3660, 15, 690, 'libre'),
(3661, 15, 691, 'libre'),
(3662, 15, 692, 'libre'),
(3663, 15, 693, 'libre'),
(3664, 15, 694, 'libre'),
(3665, 15, 695, 'libre'),
(3666, 15, 696, 'libre'),
(3667, 15, 697, 'libre'),
(3668, 15, 698, 'libre'),
(3669, 15, 699, 'libre'),
(3670, 15, 700, 'libre'),
(3671, 15, 701, 'libre'),
(3672, 15, 702, 'libre'),
(3673, 15, 703, 'libre'),
(3674, 15, 704, 'libre'),
(3675, 15, 705, 'libre'),
(3676, 15, 706, 'libre'),
(3677, 15, 707, 'libre'),
(3678, 15, 708, 'libre'),
(3679, 15, 709, 'libre'),
(3680, 15, 710, 'libre'),
(3681, 15, 711, 'libre'),
(3682, 15, 712, 'libre'),
(3683, 15, 713, 'libre'),
(3684, 15, 714, 'libre'),
(3685, 15, 715, 'libre'),
(3686, 15, 716, 'libre'),
(3687, 15, 717, 'libre'),
(3688, 15, 718, 'libre'),
(3689, 15, 719, 'libre'),
(3690, 15, 720, 'libre'),
(3691, 15, 721, 'libre'),
(3692, 15, 722, 'libre'),
(3693, 15, 723, 'libre'),
(3694, 15, 724, 'libre'),
(3695, 15, 725, 'libre'),
(3696, 15, 726, 'libre'),
(3697, 15, 727, 'libre'),
(3698, 15, 728, 'libre'),
(3699, 15, 729, 'libre'),
(3700, 15, 730, 'libre'),
(3701, 15, 731, 'libre'),
(3702, 15, 732, 'libre'),
(3703, 15, 733, 'libre'),
(3704, 15, 734, 'libre'),
(3705, 15, 735, 'libre'),
(3706, 15, 736, 'libre'),
(3707, 15, 737, 'libre'),
(3708, 15, 738, 'libre'),
(3709, 15, 739, 'libre'),
(3710, 15, 740, 'libre'),
(3711, 15, 741, 'libre'),
(3712, 15, 742, 'libre'),
(3713, 15, 743, 'libre'),
(3714, 15, 744, 'libre'),
(3715, 15, 745, 'libre'),
(3716, 15, 746, 'libre'),
(3717, 15, 747, 'libre'),
(3718, 15, 748, 'libre'),
(3719, 15, 749, 'libre'),
(3720, 15, 750, 'libre'),
(3721, 15, 751, 'libre'),
(3722, 15, 752, 'libre'),
(3723, 15, 753, 'libre'),
(3724, 15, 754, 'libre'),
(3725, 15, 755, 'libre'),
(3726, 15, 756, 'libre'),
(3727, 15, 757, 'libre'),
(3728, 15, 758, 'libre'),
(3729, 15, 759, 'libre'),
(3730, 15, 760, 'libre'),
(3731, 15, 761, 'libre'),
(3732, 15, 762, 'libre'),
(3733, 15, 763, 'libre'),
(3734, 15, 764, 'libre'),
(3735, 15, 765, 'libre'),
(3736, 15, 766, 'libre'),
(3737, 15, 767, 'libre'),
(3738, 15, 768, 'libre'),
(3739, 15, 769, 'libre'),
(3740, 15, 770, 'libre');

-- --------------------------------------------------------

--
-- Estructura de tabla para la tabla `pelicula`
--

CREATE TABLE `pelicula` (
  `idPelicula` int(11) NOT NULL,
  `titulo` varchar(100) NOT NULL,
  `director` varchar(100) DEFAULT NULL,
  `actores` varchar(255) DEFAULT NULL,
  `origen` varchar(60) DEFAULT NULL,
  `genero` varchar(60) DEFAULT NULL,
  `estreno` date DEFAULT NULL,
  `enCartelera` tinyint(1) DEFAULT 0
) ENGINE=InnoDB DEFAULT CHARSET=utf8mb4 COLLATE=utf8mb4_general_ci;

--
-- Volcado de datos para la tabla `pelicula`
--

INSERT INTO `pelicula` (`idPelicula`, `titulo`, `director`, `actores`, `origen`, `genero`, `estreno`, `enCartelera`) VALUES
(1, 'Intensamente', 'Pete Docter', 'Amy Poehler, Phyllis Smith, Bill Hader', 'Estados Unidos', 'Animación/Familiar', '2015-06-19', 1),
(2, 'Oppenheimer', 'Christopher Nolan', 'Cillian Murphy, Emily Blunt, Robert Downey Jr.', 'Estados Unidos', 'Drama/Biográfico', '2023-07-21', 1),
(3, 'Culpa Nuestra', 'Domingo González', 'Nicole Wallace, Gabriel Guevara, Marta Hazas', 'España', 'Romance/Drama', '2023-12-27', 1),
(4, 'Diario de una Pasión', 'Nick Cassavetes', 'Ryan Gosling, Rachel McAdams, James Garner', 'Estados Unidos', 'Romance/Drama', '2004-06-25', 1),
(5, 'Antes de Ti', 'Thea Sharrock', 'Emilia Clarke, Sam Claflin, Janet McTeer', 'Reino Unido', 'Romance/Drama', '2016-06-03', 1),
(6, 'El Conjuro', 'James Wan', 'Vera Farmiga, Patrick Wilson, Lili Taylor', 'Estados Unidos', 'Terror/Suspenso', '2013-07-19', 1);

-- --------------------------------------------------------

--
-- Estructura de tabla para la tabla `proyeccion`
--

CREATE TABLE `proyeccion` (
  `idProyeccion` int(11) NOT NULL,
  `idPelicula` int(11) DEFAULT NULL,
  `idSala` int(11) DEFAULT NULL,
  `idioma` varchar(50) DEFAULT NULL,
  `es3D` tinyint(1) DEFAULT NULL,
  `subtitulada` tinyint(1) DEFAULT NULL,
  `horaInicio` time DEFAULT NULL,
  `horaFin` time DEFAULT NULL,
  `precio` decimal(10,2) DEFAULT NULL
) ENGINE=InnoDB DEFAULT CHARSET=utf8mb4 COLLATE=utf8mb4_general_ci;

--
-- Volcado de datos para la tabla `proyeccion`
--

INSERT INTO `proyeccion` (`idProyeccion`, `idPelicula`, `idSala`, `idioma`, `es3D`, `subtitulada`, `horaInicio`, `horaFin`, `precio`) VALUES
(1, 1, 1, 'Español', 0, 0, '14:00:00', '16:00:00', 3500.00),
(2, 1, 2, 'Español', 0, 0, '16:30:00', '18:30:00', 3000.00),
(3, 1, 3, 'Español', 1, 0, '19:00:00', '21:00:00', 4500.00),
(4, 2, 4, 'Español', 0, 1, '15:00:00', '18:00:00', 3500.00),
(5, 2, 1, 'Inglés', 0, 1, '20:00:00', '23:00:00', 4000.00),
(6, 2, 5, 'Español', 1, 0, '17:00:00', '20:00:00', 5000.00),
(7, 3, 2, 'Español', 0, 0, '13:00:00', '15:00:00', 3200.00),
(8, 3, 3, 'Español', 1, 0, '21:30:00', '23:30:00', 4800.00),
(9, 4, 4, 'Español', 0, 1, '18:00:00', '20:00:00', 3300.00),
(10, 4, 5, 'Inglés', 1, 1, '22:00:00', '00:00:00', 5200.00),
(11, 5, 1, 'Español', 0, 0, '12:00:00', '14:00:00', 3400.00),
(12, 5, 2, 'Español', 0, 1, '19:00:00', '21:00:00', 3100.00),
(13, 6, 3, 'Español', 1, 0, '23:00:00', '01:00:00', 4900.00),
(14, 6, 5, 'Inglés', 1, 1, '20:00:00', '22:00:00', 5100.00),
(15, 6, 4, 'Español', 0, 0, '21:00:00', '23:00:00', 3600.00);

-- --------------------------------------------------------

--
-- Estructura de tabla para la tabla `sala`
--

CREATE TABLE `sala` (
  `idSala` int(11) NOT NULL,
  `nroSala` int(11) NOT NULL,
  `apta3D` tinyint(1) DEFAULT 0,
  `capacidad` int(11) DEFAULT NULL,
  `estado` enum('activa','en_mantenimiento','cerrada') DEFAULT 'activa'
) ENGINE=InnoDB DEFAULT CHARSET=utf8mb4 COLLATE=utf8mb4_general_ci;

--
-- Volcado de datos para la tabla `sala`
--

INSERT INTO `sala` (`idSala`, `nroSala`, `apta3D`, `capacidad`, `estado`) VALUES
(1, 1, 1, 200, 'activa'),
(2, 2, 0, 180, 'activa'),
(3, 3, 1, 220, 'activa'),
(4, 4, 0, 170, 'activa'),
(5, 5, 1, 210, 'activa');

-- --------------------------------------------------------

--
-- Estructura de tabla para la tabla `ticketcompra`
--

CREATE TABLE `ticketcompra` (
  `idTicket` int(11) NOT NULL,
  `fechaCompra` datetime DEFAULT current_timestamp(),
  `fechaFuncion` date DEFAULT NULL,
  `monto` decimal(10,2) DEFAULT NULL,
  `dniComprador` int(11) DEFAULT NULL
) ENGINE=InnoDB DEFAULT CHARSET=utf8mb4 COLLATE=utf8mb4_general_ci;

--
-- Volcado de datos para la tabla `ticketcompra`
--

INSERT INTO `ticketcompra` (`idTicket`, `fechaCompra`, `fechaFuncion`, `monto`, `dniComprador`) VALUES
(1, '2024-10-20 10:30:00', '2024-10-21', 7000.00, 43621472),
(2, '2024-10-20 15:45:00', '2024-10-21', 3500.00, 43123456),
(3, '2024-10-21 11:00:00', '2024-10-21', 19600.00, 44234567),
(4, '2024-10-21 14:20:00', '2024-10-21', 6600.00, 42987654);

--
-- Índices para tablas volcadas
--

--
-- Indices de la tabla `asiento`
--
ALTER TABLE `asiento`
  ADD PRIMARY KEY (`idAsiento`),
  ADD UNIQUE KEY `idSala` (`idSala`,`fila`,`numero`);

--
-- Indices de la tabla `comprador`
--
ALTER TABLE `comprador`
  ADD PRIMARY KEY (`dni`);

--
-- Indices de la tabla `detalleticket`
--
ALTER TABLE `detalleticket`
  ADD PRIMARY KEY (`idDetalle`),
  ADD UNIQUE KEY `idTicket` (`idTicket`,`idLugar`),
  ADD KEY `idLugar` (`idLugar`);

--
-- Indices de la tabla `lugar`
--
ALTER TABLE `lugar`
  ADD PRIMARY KEY (`idLugar`),
  ADD UNIQUE KEY `idProyeccion` (`idProyeccion`,`idAsiento`),
  ADD KEY `idAsiento` (`idAsiento`);

--
-- Indices de la tabla `pelicula`
--
ALTER TABLE `pelicula`
  ADD PRIMARY KEY (`idPelicula`);

--
-- Indices de la tabla `proyeccion`
--
ALTER TABLE `proyeccion`
  ADD PRIMARY KEY (`idProyeccion`),
  ADD KEY `idPelicula` (`idPelicula`),
  ADD KEY `idSala` (`idSala`);

--
-- Indices de la tabla `sala`
--
ALTER TABLE `sala`
  ADD PRIMARY KEY (`idSala`),
  ADD UNIQUE KEY `nroSala` (`nroSala`);

--
-- Indices de la tabla `ticketcompra`
--
ALTER TABLE `ticketcompra`
  ADD PRIMARY KEY (`idTicket`),
  ADD KEY `dniComprador` (`dniComprador`);

--
-- AUTO_INCREMENT de las tablas volcadas
--

--
-- AUTO_INCREMENT de la tabla `asiento`
--
ALTER TABLE `asiento`
  MODIFY `idAsiento` int(11) NOT NULL AUTO_INCREMENT, AUTO_INCREMENT=981;

--
-- AUTO_INCREMENT de la tabla `detalleticket`
--
ALTER TABLE `detalleticket`
  MODIFY `idDetalle` int(11) NOT NULL AUTO_INCREMENT, AUTO_INCREMENT=10;

--
-- AUTO_INCREMENT de la tabla `lugar`
--
ALTER TABLE `lugar`
  MODIFY `idLugar` int(11) NOT NULL AUTO_INCREMENT, AUTO_INCREMENT=3827;

--
-- AUTO_INCREMENT de la tabla `pelicula`
--
ALTER TABLE `pelicula`
  MODIFY `idPelicula` int(11) NOT NULL AUTO_INCREMENT, AUTO_INCREMENT=7;

--
-- AUTO_INCREMENT de la tabla `proyeccion`
--
ALTER TABLE `proyeccion`
  MODIFY `idProyeccion` int(11) NOT NULL AUTO_INCREMENT, AUTO_INCREMENT=16;

--
-- AUTO_INCREMENT de la tabla `sala`
--
ALTER TABLE `sala`
  MODIFY `idSala` int(11) NOT NULL AUTO_INCREMENT, AUTO_INCREMENT=6;

--
-- AUTO_INCREMENT de la tabla `ticketcompra`
--
ALTER TABLE `ticketcompra`
  MODIFY `idTicket` int(11) NOT NULL AUTO_INCREMENT, AUTO_INCREMENT=5;

--
-- Restricciones para tablas volcadas
--

--
-- Filtros para la tabla `asiento`
--
ALTER TABLE `asiento`
  ADD CONSTRAINT `asiento_ibfk_1` FOREIGN KEY (`idSala`) REFERENCES `sala` (`idSala`);

--
-- Filtros para la tabla `detalleticket`
--
ALTER TABLE `detalleticket`
  ADD CONSTRAINT `detalleticket_ibfk_1` FOREIGN KEY (`idTicket`) REFERENCES `ticketcompra` (`idTicket`) ON DELETE CASCADE,
  ADD CONSTRAINT `detalleticket_ibfk_2` FOREIGN KEY (`idLugar`) REFERENCES `lugar` (`idLugar`);

--
-- Filtros para la tabla `lugar`
--
ALTER TABLE `lugar`
  ADD CONSTRAINT `lugar_ibfk_1` FOREIGN KEY (`idProyeccion`) REFERENCES `proyeccion` (`idProyeccion`),
  ADD CONSTRAINT `lugar_ibfk_2` FOREIGN KEY (`idAsiento`) REFERENCES `asiento` (`idAsiento`);

--
-- Filtros para la tabla `proyeccion`
--
ALTER TABLE `proyeccion`
  ADD CONSTRAINT `proyeccion_ibfk_1` FOREIGN KEY (`idPelicula`) REFERENCES `pelicula` (`idPelicula`),
  ADD CONSTRAINT `proyeccion_ibfk_2` FOREIGN KEY (`idSala`) REFERENCES `sala` (`idSala`);

--
-- Filtros para la tabla `ticketcompra`
--
ALTER TABLE `ticketcompra`
  ADD CONSTRAINT `ticketcompra_ibfk_1` FOREIGN KEY (`dniComprador`) REFERENCES `comprador` (`dni`);
COMMIT;

/*!40101 SET CHARACTER_SET_CLIENT=@OLD_CHARACTER_SET_CLIENT */;
/*!40101 SET CHARACTER_SET_RESULTS=@OLD_CHARACTER_SET_RESULTS */;
/*!40101 SET COLLATION_CONNECTION=@OLD_COLLATION_CONNECTION */;
